SimulationID,Condition,BossWin,TotalDmgDealt,TotalDmgReceived,Turns,ItemsUsed,HealsUsed,RevivesUsed
team1WithIntUi_metrics,Baseline1,0,0.0,0.0,3,2,0,0
team1WithIntUi_metrics_10,Baseline1,1,0.0,0.0,8,2,1,0
team1WithIntUi_metrics_100,Baseline1,0,0.0,0.0,6,2,0,0
team1WithIntUi_metrics_11,Baseline1,0,0.0,0.0,7,2,1,0
team1WithIntUi_metrics_12,Baseline1,0,0.0,0.0,5,2,0,0
team1WithIntUi_metrics_13,Baseline1,1,0.0,0.0,10,2,1,0
team1WithIntUi_metrics_14,Baseline1,0,0.0,0.0,6,2,0,0
team1WithIntUi_metrics_15,Baseline1,1,0.0,0.0,10,2,1,0
team1WithIntUi_metrics_16,Baseline1,0,0.0,0.0,7,2,0,0
team1WithIntUi_metrics_17,Baseline1,0,0.0,0.0,6,2,1,0
team1WithIntUi_metrics_18,Baseline1,0,0.0,0.0,6,2,0,0
team1WithIntUi_metrics_19,Baseline1,0,0.0,0.0,5,2,0,0
team1WithIntUi_metrics_2,Baseline1,0,0.0,0.0,7,2,1,0
team1WithIntUi_metrics_20,Baseline1,0,0.0,0.0,8,2,1,0
team1WithIntUi_metrics_21,Baseline1,0,0.0,0.0,6,2,0,0
team1WithIntUi_metrics_22,Baseline1,0,0.0,0.0,5,2,0,0
team1WithIntUi_metrics_23,Baseline1,0,0.0,0.0,5,2,1,0
team1WithIntUi_metrics_24,Baseline1,0,0.0,0.0,6,2,0,0
team1WithIntUi_metrics_25,Baseline1,0,0.0,0.0,5,2,0,0
team1WithIntUi_metrics_26,Baseline1,0,0.0,0.0,3,2,0,0
team1WithIntUi_metrics_27,Baseline1,1,0.0,0.0,8,2,1,0
team1WithIntUi_metrics_28,Baseline1,0,0.0,0.0,7,2,1,0
team1WithIntUi_metrics_29,Baseline1,0,0.0,0.0,6,2,0,0
team1WithIntUi_metrics_3,Baseline1,1,0.0,0.0,9,2,1,0
team1WithIntUi_metrics_30,Baseline1,0,0.0,0.0,6,2,1,0
team1WithIntUi_metrics_31,Baseline1,0,0.0,0.0,9,2,1,0
team1WithIntUi_metrics_32,Baseline1,0,0.0,0.0,6,2,0,0
team1WithIntUi_metrics_33,Baseline1,0,0.0,0.0,6,2,1,0
team1WithIntUi_metrics_34,Baseline1,0,0.0,0.0,6,2,1,0
team1WithIntUi_metrics_35,Baseline1,1,0.0,0.0,8,2,1,0
team1WithIntUi_metrics_36,Baseline1,0,0.0,0.0,8,2,0,0
team1WithIntUi_metrics_37,Baseline1,0,0.0,0.0,7,2,0,0
team1WithIntUi_metrics_38,Baseline1,0,0.0,0.0,5,2,0,0
team1WithIntUi_metrics_39,Baseline1,0,0.0,0.0,5,2,0,0
team1WithIntUi_metrics_4,Baseline1,0,0.0,0.0,5,2,0,0
team1WithIntUi_metrics_40,Baseline1,0,0.0,0.0,7,2,0,0
team1WithIntUi_metrics_41,Baseline1,1,0.0,0.0,9,2,1,0
team1WithIntUi_metrics_42,Baseline1,0,0.0,0.0,5,2,0,0
team1WithIntUi_metrics_43,Baseline1,0,0.0,0.0,5,2,0,0
team1WithIntUi_metrics_44,Baseline1,1,0.0,0.0,9,2,1,0
team1WithIntUi_metrics_45,Baseline1,0,0.0,0.0,8,2,1,0
team1WithIntUi_metrics_46,Baseline1,1,0.0,0.0,9,2,1,0
team1WithIntUi_metrics_47,Baseline1,0,0.0,0.0,8,2,0,0
team1WithIntUi_metrics_48,Baseline1,0,0.0,0.0,7,2,1,0
team1WithIntUi_metrics_49,Baseline1,0,0.0,0.0,6,2,0,0
team1WithIntUi_metrics_5,Baseline1,1,0.0,0.0,8,2,1,0
team1WithIntUi_metrics_50,Baseline1,0,0.0,0.0,6,2,0,0
team1WithIntUi_metrics_51,Baseline1,1,0.0,0.0,9,2,1,0
team1WithIntUi_metrics_52,Baseline1,0,0.0,0.0,8,2,1,0
team1WithIntUi_metrics_53,Baseline1,0,0.0,0.0,6,2,0,0
team1WithIntUi_metrics_54,Baseline1,0,0.0,0.0,6,2,0,0
team1WithIntUi_metrics_55,Baseline1,0,0.0,0.0,8,2,0,0
team1WithIntUi_metrics_56,Baseline1,1,0.0,0.0,9,2,1,0
team1WithIntUi_metrics_57,Baseline1,0,0.0,0.0,8,2,1,0
team1WithIntUi_metrics_58,Baseline1,0,0.0,0.0,7,2,1,0
team1WithIntUi_metrics_59,Baseline1,0,0.0,0.0,6,2,0,0
team1WithIntUi_metrics_6,Baseline1,0,0.0,0.0,4,2,0,0
team1WithIntUi_metrics_60,Baseline1,0,0.0,0.0,4,2,0,0
team1WithIntUi_metrics_61,Baseline1,1,0.0,0.0,9,2,1,0
team1WithIntUi_metrics_62,Baseline1,1,0.0,0.0,8,2,1,0
team1WithIntUi_metrics_63,Baseline1,1,0.0,0.0,8,2,1,0
team1WithIntUi_metrics_64,Baseline1,0,0.0,0.0,5,2,0,0
team1WithIntUi_metrics_65,Baseline1,0,0.0,0.0,8,2,1,0
team1WithIntUi_metrics_66,Baseline1,0,0.0,0.0,5,2,0,0
team1WithIntUi_metrics_67,Baseline1,1,0.0,0.0,8,2,1,0
team1WithIntUi_metrics_68,Baseline1,1,0.0,0.0,8,2,1,0
team1WithIntUi_metrics_69,Baseline1,1,0.0,0.0,9,2,1,0
team1WithIntUi_metrics_7,Baseline1,0,0.0,0.0,3,2,0,0
team1WithIntUi_metrics_70,Baseline1,0,0.0,0.0,5,2,1,0
team1WithIntUi_metrics_71,Baseline1,0,0.0,0.0,5,2,0,0
team1WithIntUi_metrics_72,Baseline1,0,0.0,0.0,7,2,1,0
team1WithIntUi_metrics_73,Baseline1,1,0.0,0.0,9,2,1,0
team1WithIntUi_metrics_74,Baseline1,0,0.0,0.0,6,2,1,0
team1WithIntUi_metrics_75,Baseline1,0,0.0,0.0,5,2,0,0
team1WithIntUi_metrics_76,Baseline1,0,0.0,0.0,6,2,0,0
team1WithIntUi_metrics_77,Baseline1,0,0.0,0.0,5,2,0,0
team1WithIntUi_metrics_78,Baseline1,1,0.0,0.0,10,2,1,0
team1WithIntUi_metrics_79,Baseline1,0,0.0,0.0,5,2,0,0
team1WithIntUi_metrics_8,Baseline1,0,0.0,0.0,5,2,0,0
team1WithIntUi_metrics_80,Baseline1,0,0.0,0.0,8,2,1,0
team1WithIntUi_metrics_81,Baseline1,0,0.0,0.0,3,2,0,0
team1WithIntUi_metrics_82,Baseline1,1,0.0,0.0,9,2,1,0
team1WithIntUi_metrics_83,Baseline1,0,0.0,0.0,9,2,1,0
team1WithIntUi_metrics_84,Baseline1,1,0.0,0.0,8,2,1,0
team1WithIntUi_metrics_85,Baseline1,0,0.0,0.0,6,2,0,0
team1WithIntUi_metrics_86,Baseline1,0,0.0,0.0,8,2,1,0
team1WithIntUi_metrics_87,Baseline1,1,0.0,0.0,9,2,1,0
team1WithIntUi_metrics_88,Baseline1,0,0.0,0.0,6,2,1,0
team1WithIntUi_metrics_89,Baseline1,0,0.0,0.0,3,2,0,0
team1WithIntUi_metrics_9,Baseline1,0,0.0,0.0,7,2,0,0
team1WithIntUi_metrics_90,Baseline1,1,0.0,0.0,10,2,1,0
team1WithIntUi_metrics_91,Baseline1,0,0.0,0.0,6,2,0,0
team1WithIntUi_metrics_92,Baseline1,1,0.0,0.0,9,2,1,0
team1WithIntUi_metrics_93,Baseline1,0,0.0,0.0,10,2,1,0
team1WithIntUi_metrics_94,Baseline1,0,0.0,0.0,5,2,1,0
team1WithIntUi_metrics_95,Baseline1,0,0.0,0.0,5,2,0,0
team1WithIntUi_metrics_96,Baseline1,0,0.0,0.0,7,2,0,0
team1WithIntUi_metrics_97,Baseline1,1,0.0,0.0,9,2,1,0
team1WithIntUi_metrics_98,Baseline1,0,0.0,0.0,5,2,0,0
team1WithIntUi_metrics_99,Baseline1,1,0.0,0.0,9,2,1,0
team2WithMaskedSaiyan_metrics,Baseline2,0,0.0,0.0,5,2,0,0
team2WithMaskedSaiyan_metrics_10,Baseline2,0,0.0,0.0,6,2,0,0
team2WithMaskedSaiyan_metrics_100,Baseline2,1,0.0,0.0,9,2,0,0
team2WithMaskedSaiyan_metrics_11,Baseline2,0,0.0,0.0,8,2,1,0
team2WithMaskedSaiyan_metrics_12,Baseline2,0,0.0,0.0,6,2,0,0
team2WithMaskedSaiyan_metrics_13,Baseline2,1,0.0,0.0,9,2,1,0
team2WithMaskedSaiyan_metrics_14,Baseline2,0,0.0,0.0,6,2,0,0
team2WithMaskedSaiyan_metrics_15,Baseline2,1,0.0,0.0,8,2,1,0
team2WithMaskedSaiyan_metrics_16,Baseline2,1,0.0,0.0,8,2,1,0
team2WithMaskedSaiyan_metrics_17,Baseline2,0,0.0,0.0,5,2,0,0
team2WithMaskedSaiyan_metrics_18,Baseline2,0,0.0,0.0,5,2,0,0
team2WithMaskedSaiyan_metrics_19,Baseline2,1,0.0,0.0,8,2,1,0
team2WithMaskedSaiyan_metrics_2,Baseline2,1,0.0,0.0,8,2,1,0
team2WithMaskedSaiyan_metrics_20,Baseline2,0,0.0,0.0,8,2,1,0
team2WithMaskedSaiyan_metrics_21,Baseline2,1,0.0,0.0,8,2,1,0
team2WithMaskedSaiyan_metrics_22,Baseline2,0,0.0,0.0,11,2,1,0
team2WithMaskedSaiyan_metrics_23,Baseline2,0,0.0,0.0,8,2,1,0
team2WithMaskedSaiyan_metrics_24,Baseline2,0,0.0,0.0,5,2,0,0
team2WithMaskedSaiyan_metrics_25,Baseline2,0,0.0,0.0,6,2,0,0
team2WithMaskedSaiyan_metrics_26,Baseline2,0,0.0,0.0,7,2,1,0
team2WithMaskedSaiyan_metrics_27,Baseline2,0,0.0,0.0,5,2,0,0
team2WithMaskedSaiyan_metrics_28,Baseline2,0,0.0,0.0,7,2,1,0
team2WithMaskedSaiyan_metrics_29,Baseline2,0,0.0,0.0,7,2,0,0
team2WithMaskedSaiyan_metrics_3,Baseline2,1,0.0,0.0,8,2,1,0
team2WithMaskedSaiyan_metrics_30,Baseline2,0,0.0,0.0,6,2,0,0
team2WithMaskedSaiyan_metrics_31,Baseline2,0,0.0,0.0,5,2,0,0
team2WithMaskedSaiyan_metrics_32,Baseline2,1,0.0,0.0,7,2,0,0
team2WithMaskedSaiyan_metrics_33,Baseline2,0,0.0,0.0,6,2,0,0
team2WithMaskedSaiyan_metrics_34,Baseline2,0,0.0,0.0,7,2,0,0
team2WithMaskedSaiyan_metrics_35,Baseline2,1,0.0,0.0,9,2,1,0
team2WithMaskedSaiyan_metrics_36,Baseline2,1,0.0,0.0,10,2,1,0
team2WithMaskedSaiyan_metrics_37,Baseline2,1,0.0,0.0,8,2,1,0
team2WithMaskedSaiyan_metrics_38,Baseline2,1,0.0,0.0,10,2,1,0
team2WithMaskedSaiyan_metrics_39,Baseline2,0,0.0,0.0,9,2,1,0
team2WithMaskedSaiyan_metrics_4,Baseline2,1,0.0,0.0,9,2,1,0
team2WithMaskedSaiyan_metrics_40,Baseline2,1,0.0,0.0,8,2,1,0
team2WithMaskedSaiyan_metrics_41,Baseline2,0,0.0,0.0,6,2,0,0
team2WithMaskedSaiyan_metrics_42,Baseline2,0,0.0,0.0,8,2,1,0
team2WithMaskedSaiyan_metrics_43,Baseline2,0,0.0,0.0,5,2,0,0
team2WithMaskedSaiyan_metrics_44,Baseline2,1,0.0,0.0,9,2,1,0
team2WithMaskedSaiyan_metrics_45,Baseline2,0,0.0,0.0,6,2,0,0
team2WithMaskedSaiyan_metrics_46,Baseline2,0,0.0,0.0,6,2,0,0
team2WithMaskedSaiyan_metrics_47,Baseline2,1,0.0,0.0,9,2,0,0
team2WithMaskedSaiyan_metrics_48,Baseline2,0,0.0,0.0,8,2,1,0
team2WithMaskedSaiyan_metrics_49,Baseline2,1,0.0,0.0,10,2,1,0
team2WithMaskedSaiyan_metrics_5,Baseline2,0,0.0,0.0,7,2,1,0
team2WithMaskedSaiyan_metrics_50,Baseline2,0,0.0,0.0,9,2,1,0
team2WithMaskedSaiyan_metrics_51,Baseline2,1,0.0,0.0,9,2,1,0
team2WithMaskedSaiyan_metrics_52,Baseline2,0,0.0,0.0,6,2,0,0
team2WithMaskedSaiyan_metrics_53,Baseline2,0,0.0,0.0,5,2,0,0
team2WithMaskedSaiyan_metrics_54,Baseline2,1,0.0,0.0,9,2,0,0
team2WithMaskedSaiyan_metrics_55,Baseline2,1,0.0,0.0,9,2,1,0
team2WithMaskedSaiyan_metrics_56,Baseline2,1,0.0,0.0,9,2,0,0
team2WithMaskedSaiyan_metrics_57,Baseline2,0,0.0,0.0,6,2,0,0
team2WithMaskedSaiyan_metrics_58,Baseline2,0,0.0,0.0,5,2,0,0
team2WithMaskedSaiyan_metrics_59,Baseline2,0,0.0,0.0,6,2,0,0
team2WithMaskedSaiyan_metrics_6,Baseline2,0,0.0,0.0,5,2,0,0
team2WithMaskedSaiyan_metrics_60,Baseline2,0,0.0,0.0,6,2,0,0
team2WithMaskedSaiyan_metrics_61,Baseline2,1,0.0,0.0,10,2,1,0
team2WithMaskedSaiyan_metrics_62,Baseline2,0,0.0,0.0,6,2,0,0
team2WithMaskedSaiyan_metrics_63,Baseline2,0,0.0,0.0,6,2,0,0
team2WithMaskedSaiyan_metrics_64,Baseline2,0,0.0,0.0,7,2,1,0
team2WithMaskedSaiyan_metrics_65,Baseline2,0,0.0,0.0,5,2,0,0
team2WithMaskedSaiyan_metrics_66,Baseline2,0,0.0,0.0,5,2,0,0
team2WithMaskedSaiyan_metrics_67,Baseline2,1,0.0,0.0,9,2,1,0
team2WithMaskedSaiyan_metrics_68,Baseline2,0,0.0,0.0,6,2,0,0
team2WithMaskedSaiyan_metrics_69,Baseline2,0,0.0,0.0,5,2,0,0
team2WithMaskedSaiyan_metrics_7,Baseline2,1,0.0,0.0,7,2,1,0
team2WithMaskedSaiyan_metrics_70,Baseline2,0,0.0,0.0,5,2,0,0
team2WithMaskedSaiyan_metrics_71,Baseline2,0,0.0,0.0,5,2,0,0
team2WithMaskedSaiyan_metrics_72,Baseline2,1,0.0,0.0,9,2,1,0
team2WithMaskedSaiyan_metrics_73,Baseline2,0,0.0,0.0,8,2,1,0
team2WithMaskedSaiyan_metrics_74,Baseline2,0,0.0,0.0,6,2,0,0
team2WithMaskedSaiyan_metrics_75,Baseline2,0,0.0,0.0,5,2,0,0
team2WithMaskedSaiyan_metrics_76,Baseline2,1,0.0,0.0,9,2,1,0
team2WithMaskedSaiyan_metrics_77,Baseline2,0,0.0,0.0,6,2,0,0
team2WithMaskedSaiyan_metrics_78,Baseline2,1,0.0,0.0,9,2,1,0
team2WithMaskedSaiyan_metrics_79,Baseline2,0,0.0,0.0,5,2,0,0
team2WithMaskedSaiyan_metrics_8,Baseline2,0,0.0,0.0,5,2,0,0
team2WithMaskedSaiyan_metrics_80,Baseline2,0,0.0,0.0,6,2,0,0
team2WithMaskedSaiyan_metrics_81,Baseline2,1,0.0,0.0,9,2,1,0
team2WithMaskedSaiyan_metrics_82,Baseline2,0,0.0,0.0,6,2,0,0
team2WithMaskedSaiyan_metrics_83,Baseline2,0,0.0,0.0,6,2,0,0
team2WithMaskedSaiyan_metrics_84,Baseline2,0,0.0,0.0,6,2,0,0
team2WithMaskedSaiyan_metrics_85,Baseline2,0,0.0,0.0,6,2,0,0
team2WithMaskedSaiyan_metrics_86,Baseline2,1,0.0,0.0,10,2,1,0
team2WithMaskedSaiyan_metrics_87,Baseline2,1,0.0,0.0,9,2,1,0
team2WithMaskedSaiyan_metrics_88,Baseline2,1,0.0,0.0,8,2,1,0
team2WithMaskedSaiyan_metrics_89,Baseline2,0,0.0,0.0,6,2,0,0
team2WithMaskedSaiyan_metrics_9,Baseline2,1,0.0,0.0,9,2,0,0
team2WithMaskedSaiyan_metrics_90,Baseline2,0,0.0,0.0,5,2,0,0
team2WithMaskedSaiyan_metrics_91,Baseline2,0,0.0,0.0,8,2,1,0
team2WithMaskedSaiyan_metrics_92,Baseline2,1,0.0,0.0,9,2,1,0
team2WithMaskedSaiyan_metrics_93,Baseline2,0,0.0,0.0,5,2,0,0
team2WithMaskedSaiyan_metrics_94,Baseline2,0,0.0,0.0,5,2,0,0
team2WithMaskedSaiyan_metrics_95,Baseline2,0,0.0,0.0,9,2,1,0
team2WithMaskedSaiyan_metrics_96,Baseline2,0,0.0,0.0,5,2,0,0
team2WithMaskedSaiyan_metrics_97,Baseline2,0,0.0,0.0,6,2,0,0
team2WithMaskedSaiyan_metrics_98,Baseline2,0,0.0,0.0,9,2,1,0
team2WithMaskedSaiyan_metrics_99,Baseline2,0,0.0,0.0,6,2,0,0
team3WithRofVegeta_metrics,Baseline3,0,0.0,0.0,7,2,1,0
team3WithRofVegeta_metrics_10,Baseline3,0,0.0,0.0,6,2,0,0
team3WithRofVegeta_metrics_100,Baseline3,0,0.0,0.0,8,2,1,0
team3WithRofVegeta_metrics_11,Baseline3,0,0.0,0.0,6,2,0,0
team3WithRofVegeta_metrics_12,Baseline3,0,0.0,0.0,8,2,1,0
team3WithRofVegeta_metrics_13,Baseline3,1,0.0,0.0,9,2,1,0
team3WithRofVegeta_metrics_14,Baseline3,1,0.0,0.0,8,2,1,0
team3WithRofVegeta_metrics_15,Baseline3,0,0.0,0.0,5,2,0,0
team3WithRofVegeta_metrics_16,Baseline3,1,0.0,0.0,8,2,1,0
team3WithRofVegeta_metrics_17,Baseline3,0,0.0,0.0,5,2,0,0
team3WithRofVegeta_metrics_18,Baseline3,0,0.0,0.0,5,2,0,0
team3WithRofVegeta_metrics_19,Baseline3,0,0.0,0.0,5,2,0,0
team3WithRofVegeta_metrics_2,Baseline3,0,0.0,0.0,7,2,0,0
team3WithRofVegeta_metrics_20,Baseline3,0,0.0,0.0,8,2,1,0
team3WithRofVegeta_metrics_21,Baseline3,1,0.0,0.0,9,2,1,0
team3WithRofVegeta_metrics_22,Baseline3,0,0.0,0.0,9,2,1,0
team3WithRofVegeta_metrics_23,Baseline3,0,0.0,0.0,8,2,1,0
team3WithRofVegeta_metrics_24,Baseline3,0,0.0,0.0,7,2,1,0
team3WithRofVegeta_metrics_25,Baseline3,1,0.0,0.0,8,2,1,0
team3WithRofVegeta_metrics_26,Baseline3,0,0.0,0.0,8,2,1,0
team3WithRofVegeta_metrics_27,Baseline3,1,0.0,0.0,8,2,1,0
team3WithRofVegeta_metrics_28,Baseline3,0,0.0,0.0,5,2,0,0
team3WithRofVegeta_metrics_29,Baseline3,0,0.0,0.0,8,2,0,0
team3WithRofVegeta_metrics_3,Baseline3,1,0.0,0.0,8,2,1,0
team3WithRofVegeta_metrics_30,Baseline3,0,0.0,0.0,5,2,0,0
team3WithRofVegeta_metrics_31,Baseline3,0,0.0,0.0,5,2,0,0
team3WithRofVegeta_metrics_32,Baseline3,1,0.0,0.0,7,2,0,0
team3WithRofVegeta_metrics_33,Baseline3,0,0.0,0.0,6,2,0,0
team3WithRofVegeta_metrics_34,Baseline3,0,0.0,0.0,7,2,0,0
team3WithRofVegeta_metrics_35,Baseline3,0,0.0,0.0,6,2,0,0
team3WithRofVegeta_metrics_36,Baseline3,0,0.0,0.0,5,2,0,0
team3WithRofVegeta_metrics_37,Baseline3,1,0.0,0.0,8,2,0,0
team3WithRofVegeta_metrics_38,Baseline3,1,0.0,0.0,10,2,1,0
team3WithRofVegeta_metrics_39,Baseline3,0,0.0,0.0,9,2,1,0
team3WithRofVegeta_metrics_4,Baseline3,1,0.0,0.0,9,2,1,0
team3WithRofVegeta_metrics_40,Baseline3,0,0.0,0.0,7,2,1,0
team3WithRofVegeta_metrics_41,Baseline3,0,0.0,0.0,6,2,0,0
team3WithRofVegeta_metrics_42,Baseline3,0,0.0,0.0,6,2,0,0
team3WithRofVegeta_metrics_43,Baseline3,0,0.0,0.0,5,2,0,0
team3WithRofVegeta_metrics_44,Baseline3,1,0.0,0.0,9,2,1,0
team3WithRofVegeta_metrics_45,Baseline3,0,0.0,0.0,6,2,0,0
team3WithRofVegeta_metrics_46,Baseline3,1,0.0,0.0,9,2,1,0
team3WithRofVegeta_metrics_47,Baseline3,1,0.0,0.0,9,2,0,0
team3WithRofVegeta_metrics_48,Baseline3,1,0.0,0.0,9,2,1,0
team3WithRofVegeta_metrics_49,Baseline3,0,0.0,0.0,8,2,1,0
team3WithRofVegeta_metrics_5,Baseline3,0,0.0,0.0,7,2,1,0
team3WithRofVegeta_metrics_50,Baseline3,1,0.0,0.0,9,2,1,0
team3WithRofVegeta_metrics_51,Baseline3,1,0.0,0.0,9,2,1,0
team3WithRofVegeta_metrics_52,Baseline3,0,0.0,0.0,7,2,1,0
team3WithRofVegeta_metrics_53,Baseline3,1,0.0,0.0,9,2,1,0
team3WithRofVegeta_metrics_54,Baseline3,1,0.0,0.0,9,2,0,0
team3WithRofVegeta_metrics_55,Baseline3,0,0.0,0.0,9,2,1,0
team3WithRofVegeta_metrics_56,Baseline3,0,0.0,0.0,6,2,0,0
team3WithRofVegeta_metrics_57,Baseline3,0,0.0,0.0,6,2,0,0
team3WithRofVegeta_metrics_58,Baseline3,0,0.0,0.0,5,2,0,0
team3WithRofVegeta_metrics_59,Baseline3,0,0.0,0.0,5,2,0,0
team3WithRofVegeta_metrics_6,Baseline3,0,0.0,0.0,5,2,0,0
team3WithRofVegeta_metrics_60,Baseline3,1,0.0,0.0,8,2,1,0
team3WithRofVegeta_metrics_61,Baseline3,1,0.0,0.0,9,2,1,0
team3WithRofVegeta_metrics_62,Baseline3,0,0.0,0.0,6,2,0,0
team3WithRofVegeta_metrics_63,Baseline3,1,0.0,0.0,7,2,1,0
team3WithRofVegeta_metrics_64,Baseline3,0,0.0,0.0,7,2,0,0
team3WithRofVegeta_metrics_65,Baseline3,0,0.0,0.0,7,2,1,0
team3WithRofVegeta_metrics_66,Baseline3,0,0.0,0.0,8,2,1,0
team3WithRofVegeta_metrics_67,Baseline3,1,0.0,0.0,8,2,1,0
team3WithRofVegeta_metrics_68,Baseline3,0,0.0,0.0,7,2,0,0
team3WithRofVegeta_metrics_69,Baseline3,0,0.0,0.0,5,2,0,0
team3WithRofVegeta_metrics_7,Baseline3,1,0.0,0.0,7,2,1,0
team3WithRofVegeta_metrics_70,Baseline3,0,0.0,0.0,6,2,0,0
team3WithRofVegeta_metrics_71,Baseline3,0,0.0,0.0,5,2,0,0
team3WithRofVegeta_metrics_72,Baseline3,1,0.0,0.0,9,2,1,0
team3WithRofVegeta_metrics_73,Baseline3,0,0.0,0.0,5,2,0,0
team3WithRofVegeta_metrics_74,Baseline3,1,0.0,0.0,8,2,1,0
team3WithRofVegeta_metrics_75,Baseline3,0,0.0,0.0,5,2,0,0
team3WithRofVegeta_metrics_76,Baseline3,0,0.0,0.0,7,2,0,0
team3WithRofVegeta_metrics_77,Baseline3,1,0.0,0.0,8,2,1,0
team3WithRofVegeta_metrics_78,Baseline3,1,0.0,0.0,9,2,1,0
team3WithRofVegeta_metrics_79,Baseline3,0,0.0,0.0,7,2,1,0
team3WithRofVegeta_metrics_8,Baseline3,0,0.0,0.0,5,2,0,0
team3WithRofVegeta_metrics_80,Baseline3,0,0.0,0.0,7,2,0,0
team3WithRofVegeta_metrics_81,Baseline3,0,0.0,0.0,8,2,1,0
team3WithRofVegeta_metrics_82,Baseline3,0,0.0,0.0,6,2,0,0
team3WithRofVegeta_metrics_83,Baseline3,0,0.0,0.0,6,2,0,0
team3WithRofVegeta_metrics_84,Baseline3,0,0.0,0.0,6,2,1,0
team3WithRofVegeta_metrics_85,Baseline3,0,0.0,0.0,6,2,0,0
team3WithRofVegeta_metrics_86,Baseline3,1,0.0,0.0,10,2,1,0
team3WithRofVegeta_metrics_87,Baseline3,0,0.0,0.0,6,2,0,0
team3WithRofVegeta_metrics_88,Baseline3,0,0.0,0.0,5,2,0,0
team3WithRofVegeta_metrics_89,Baseline3,0,0.0,0.0,6,2,0,0
team3WithRofVegeta_metrics_9,Baseline3,1,0.0,0.0,9,2,0,0
team3WithRofVegeta_metrics_90,Baseline3,0,0.0,0.0,5,2,0,0
team3WithRofVegeta_metrics_91,Baseline3,0,0.0,0.0,6,2,0,0
team3WithRofVegeta_metrics_92,Baseline3,0,0.0,0.0,6,2,0,0
team3WithRofVegeta_metrics_93,Baseline3,0,0.0,0.0,5,2,0,0
team3WithRofVegeta_metrics_94,Baseline3,0,0.0,0.0,5,2,0,0
team3WithRofVegeta_metrics_95,Baseline3,0,0.0,0.0,5,2,0,0
team3WithRofVegeta_metrics_96,Baseline3,0,0.0,0.0,5,2,0,0
team3WithRofVegeta_metrics_97,Baseline3,0,0.0,0.0,6,2,1,0
team3WithRofVegeta_metrics_98,Baseline3,0,0.0,0.0,9,2,1,0
team3WithRofVegeta_metrics_99,Baseline3,1,0.0,0.0,7,2,0,0
teamGvariableSlot_metrics,AGL_UI_no_adv,0,4238247.0,204756.0,7,2,1,0
teamGvariableSlot_metrics_10,AGL_UI_no_adv,1,10212851.0,0.0,9,2,1,0
teamGvariableSlot_metrics_100,AGL_UI_no_adv,1,7017873.0,1440.0,9,2,1,0
teamGvariableSlot_metrics_11,AGL_UI_no_adv,1,4091912.0,206324.0,8,2,1,0
teamGvariableSlot_metrics_12,AGL_UI_no_adv,1,9303326.0,170.0,8,2,1,0
teamGvariableSlot_metrics_13,AGL_UI_no_adv,0,7106403.0,108833.0,6,2,0,0
teamGvariableSlot_metrics_14,AGL_UI_no_adv,0,4454755.0,113786.0,9,2,1,0
teamGvariableSlot_metrics_15,AGL_UI_no_adv,1,9455022.0,250711.0,5,2,1,0
teamGvariableSlot_metrics_16,AGL_UI_no_adv,0,7367236.0,113199.0,8,2,1,0
teamGvariableSlot_metrics_17,AGL_UI_no_adv,0,7397261.0,11115.0,6,2,0,0
teamGvariableSlot_metrics_18,AGL_UI_no_adv,0,920916.0,0.0,5,2,0,0
teamGvariableSlot_metrics_19,AGL_UI_no_adv,0,4043622.0,28695.0,8,2,1,0
teamGvariableSlot_metrics_2,AGL_UI_no_adv,1,5810339.0,10.0,7,2,1,0
teamGvariableSlot_metrics_20,AGL_UI_no_adv,0,6276496.0,214542.0,8,2,0,1
teamGvariableSlot_metrics_21,AGL_UI_no_adv,0,2609816.0,80748.0,7,2,0,0
teamGvariableSlot_metrics_22,AGL_UI_no_adv,1,10840716.0,72022.0,9,2,0,0
teamGvariableSlot_metrics_23,AGL_UI_no_adv,1,7826495.0,133270.0,9,2,1,1
teamGvariableSlot_metrics_24,AGL_UI_no_adv,1,8756474.0,111005.0,9,2,1,0
teamGvariableSlot_metrics_25,AGL_UI_no_adv,0,7767064.0,123425.0,8,2,0,0
teamGvariableSlot_metrics_26,AGL_UI_no_adv,1,9426587.0,31678.0,9,2,0,1
teamGvariableSlot_metrics_27,AGL_UI_no_adv,1,10635064.0,267547.0,9,2,0,1
teamGvariableSlot_metrics_28,AGL_UI_no_adv,0,4604376.0,527452.0,5,2,0,0
teamGvariableSlot_metrics_29,AGL_UI_no_adv,1,8015308.0,107472.0,8,2,1,0
teamGvariableSlot_metrics_3,AGL_UI_no_adv,1,9879876.0,81469.0,7,2,1,0
teamGvariableSlot_metrics_30,AGL_UI_no_adv,1,10752459.0,20791.0,7,2,0,0
teamGvariableSlot_metrics_31,AGL_UI_no_adv,1,10107239.0,111.0,9,2,0,1
teamGvariableSlot_metrics_32,AGL_UI_no_adv,1,7696575.0,88398.0,9,2,0,1
teamGvariableSlot_metrics_33,AGL_UI_no_adv,1,10942554.0,113022.0,8,2,1,0
teamGvariableSlot_metrics_34,AGL_UI_no_adv,1,11017628.0,328833.0,9,2,0,1
teamGvariableSlot_metrics_35,AGL_UI_no_adv,0,108463.0,0.0,5,2,0,0
teamGvariableSlot_metrics_36,AGL_UI_no_adv,0,1532574.0,0.0,5,2,0,0
teamGvariableSlot_metrics_37,AGL_UI_no_adv,1,7670018.0,103694.0,7,2,0,0
teamGvariableSlot_metrics_38,AGL_UI_no_adv,0,9446350.0,223.0,7,2,0,0
teamGvariableSlot_metrics_39,AGL_UI_no_adv,0,10329222.0,143805.0,8,2,0,1
teamGvariableSlot_metrics_4,AGL_UI_no_adv,1,9552663.0,282859.0,9,2,0,1
teamGvariableSlot_metrics_40,AGL_UI_no_adv,1,7964667.0,194184.0,10,2,1,1
teamGvariableSlot_metrics_41,AGL_UI_no_adv,1,7206285.0,0.0,9,2,0,0
teamGvariableSlot_metrics_42,AGL_UI_no_adv,1,5594164.0,47.0,9,2,1,0
teamGvariableSlot_metrics_43,AGL_UI_no_adv,1,12131847.0,103421.0,9,2,1,0
teamGvariableSlot_metrics_44,AGL_UI_no_adv,1,14148502.0,117076.0,9,2,1,1
teamGvariableSlot_metrics_45,AGL_UI_no_adv,1,11378496.0,55606.0,9,2,0,1
teamGvariableSlot_metrics_46,AGL_UI_no_adv,1,9545732.0,139.0,8,2,0,0
teamGvariableSlot_metrics_47,AGL_UI_no_adv,1,10101177.0,27005.0,8,2,0,0
teamGvariableSlot_metrics_48,AGL_UI_no_adv,0,9414085.0,140501.0,8,2,1,0
teamGvariableSlot_metrics_49,AGL_UI_no_adv,1,7100137.0,125.0,9,2,1,0
teamGvariableSlot_metrics_5,AGL_UI_no_adv,1,9675320.0,32442.0,10,2,1,0
teamGvariableSlot_metrics_50,AGL_UI_no_adv,0,6463236.0,30757.0,7,2,1,0
teamGvariableSlot_metrics_51,AGL_UI_no_adv,0,6391331.0,126.0,5,2,0,0
teamGvariableSlot_metrics_52,AGL_UI_no_adv,1,12512956.0,34136.0,9,2,1,0
teamGvariableSlot_metrics_53,AGL_UI_no_adv,1,9140821.0,5494.0,7,2,1,0
teamGvariableSlot_metrics_54,AGL_UI_no_adv,1,8331691.0,223251.0,9,2,1,0
teamGvariableSlot_metrics_55,AGL_UI_no_adv,0,1558924.0,101689.0,8,2,1,0
teamGvariableSlot_metrics_56,AGL_UI_no_adv,0,7536854.0,432649.0,8,2,1,0
teamGvariableSlot_metrics_57,AGL_UI_no_adv,0,3603702.0,290768.0,3,2,0,0
teamGvariableSlot_metrics_58,AGL_UI_no_adv,0,3509747.0,253.0,5,2,0,0
teamGvariableSlot_metrics_59,AGL_UI_no_adv,0,4437265.0,27868.0,5,2,0,0
teamGvariableSlot_metrics_6,AGL_UI_no_adv,1,7002536.0,116.0,9,2,1,0
teamGvariableSlot_metrics_60,AGL_UI_no_adv,0,4824301.0,237680.0,5,2,0,0
teamGvariableSlot_metrics_61,AGL_UI_no_adv,1,6205926.0,40444.0,10,2,1,0
teamGvariableSlot_metrics_62,AGL_UI_no_adv,0,6591050.0,397182.0,7,2,1,0
teamGvariableSlot_metrics_63,AGL_UI_no_adv,1,6653095.0,403138.0,8,2,1,0
teamGvariableSlot_metrics_64,AGL_UI_no_adv,1,11643013.0,0.0,8,2,1,0
teamGvariableSlot_metrics_65,AGL_UI_no_adv,0,2668466.0,7043.0,5,2,0,0
teamGvariableSlot_metrics_66,AGL_UI_no_adv,1,8098982.0,0.0,8,2,1,0
teamGvariableSlot_metrics_67,AGL_UI_no_adv,0,5803818.0,0.0,6,2,0,0
teamGvariableSlot_metrics_68,AGL_UI_no_adv,1,7404137.0,37204.0,8,2,1,0
teamGvariableSlot_metrics_69,AGL_UI_no_adv,0,7411085.0,113830.0,5,2,0,0
teamGvariableSlot_metrics_7,AGL_UI_no_adv,0,5346746.0,117856.0,6,2,0,0
teamGvariableSlot_metrics_70,AGL_UI_no_adv,0,8939169.0,557123.0,7,2,0,1
teamGvariableSlot_metrics_71,AGL_UI_no_adv,1,8376824.0,110149.0,8,2,1,0
teamGvariableSlot_metrics_72,AGL_UI_no_adv,1,5095119.0,133640.0,11,2,1,1
teamGvariableSlot_metrics_73,AGL_UI_no_adv,0,5165377.0,39108.0,8,2,1,0
teamGvariableSlot_metrics_74,AGL_UI_no_adv,1,10674193.0,72496.0,9,2,1,0
teamGvariableSlot_metrics_75,AGL_UI_no_adv,0,4392451.0,240869.0,8,2,0,1
teamGvariableSlot_metrics_76,AGL_UI_no_adv,0,6920384.0,534026.0,5,2,0,0
teamGvariableSlot_metrics_77,AGL_UI_no_adv,1,7313161.0,0.0,9,2,1,0
teamGvariableSlot_metrics_78,AGL_UI_no_adv,1,9984153.0,133.0,8,2,1,0
teamGvariableSlot_metrics_79,AGL_UI_no_adv,1,7358263.0,108221.0,8,2,1,0
teamGvariableSlot_metrics_8,AGL_UI_no_adv,1,10573204.0,102.0,8,2,1,0
teamGvariableSlot_metrics_80,AGL_UI_no_adv,0,5541919.0,210204.0,5,2,0,0
teamGvariableSlot_metrics_81,AGL_UI_no_adv,0,5209853.0,0.0,5,2,0,0
teamGvariableSlot_metrics_82,AGL_UI_no_adv,1,9247538.0,81.0,8,2,0,0
teamGvariableSlot_metrics_83,AGL_UI_no_adv,1,9448715.0,230533.0,8,2,1,0
teamGvariableSlot_metrics_84,AGL_UI_no_adv,0,7115437.0,124620.0,9,2,0,1
teamGvariableSlot_metrics_85,AGL_UI_no_adv,1,6180413.0,225249.0,10,2,1,1
teamGvariableSlot_metrics_86,AGL_UI_no_adv,0,3877546.0,0.0,6,2,0,0
teamGvariableSlot_metrics_87,AGL_UI_no_adv,0,8627632.0,39400.0,6,2,0,0
teamGvariableSlot_metrics_88,AGL_UI_no_adv,1,9664335.0,28811.0,9,2,0,0
teamGvariableSlot_metrics_89,AGL_UI_no_adv,0,2476357.0,84.0,6,2,0,0
teamGvariableSlot_metrics_9,AGL_UI_no_adv,0,7080818.0,113668.0,8,2,0,0
teamGvariableSlot_metrics_90,AGL_UI_no_adv,0,3948572.0,0.0,5,2,0,0
teamGvariableSlot_metrics_91,AGL_UI_no_adv,1,6531569.0,42269.0,9,2,1,1
teamGvariableSlot_metrics_92,AGL_UI_no_adv,0,5482051.0,0.0,6,2,0,0
teamGvariableSlot_metrics_93,AGL_UI_no_adv,0,9085622.0,623949.0,9,2,0,1
teamGvariableSlot_metrics_94,AGL_UI_no_adv,1,7253689.0,15754.0,8,2,1,0
teamGvariableSlot_metrics_95,AGL_UI_no_adv,0,5561586.0,134.0,5,2,0,0
teamGvariableSlot_metrics_96,AGL_UI_no_adv,0,6824031.0,578544.0,5,2,0,0
teamGvariableSlot_metrics_97,AGL_UI_no_adv,1,6977770.0,132616.0,7,2,1,0
teamGvariableSlot_metrics_98,AGL_UI_no_adv,0,11396720.0,354870.0,9,2,1,0
teamGvariableSlot_metrics_99,AGL_UI_no_adv,1,9413093.0,118448.0,10,2,0,1
teamGvariableSlotTypeAdvantage_metrics,AGL_UI_adv,1,9552255.0,32892.0,8,2,1,0
teamGvariableSlotTypeAdvantage_metrics_10,AGL_UI_adv,1,22992421.0,0.0,7,2,0,0
teamGvariableSlotTypeAdvantage_metrics_100,AGL_UI_adv,1,13754035.0,25.0,7,2,0,0
teamGvariableSlotTypeAdvantage_metrics_11,AGL_UI_adv,1,9211666.0,33472.0,7,2,1,0
teamGvariableSlotTypeAdvantage_metrics_12,AGL_UI_adv,1,18052230.0,170.0,7,2,0,0
teamGvariableSlotTypeAdvantage_metrics_13,AGL_UI_adv,1,15989412.0,19892.0,6,2,0,0
teamGvariableSlotTypeAdvantage_metrics_14,AGL_UI_adv,1,12692445.0,21999.0,10,2,0,1
teamGvariableSlotTypeAdvantage_metrics_15,AGL_UI_adv,1,20953333.0,56348.0,5,2,0,0
teamGvariableSlotTypeAdvantage_metrics_16,AGL_UI_adv,0,7496539.0,21416.0,6,2,0,0
teamGvariableSlotTypeAdvantage_metrics_17,AGL_UI_adv,0,9819672.0,331.0,5,2,0,0
teamGvariableSlotTypeAdvantage_metrics_18,AGL_UI_adv,0,2094744.0,0.0,5,2,0,0
teamGvariableSlotTypeAdvantage_metrics_19,AGL_UI_adv,1,18017846.0,236.0,7,2,1,0
teamGvariableSlotTypeAdvantage_metrics_2,AGL_UI_adv,1,13102967.0,10.0,7,2,1,0
teamGvariableSlotTypeAdvantage_metrics_20,AGL_UI_adv,1,16165074.0,37065.0,7,2,0,0
teamGvariableSlotTypeAdvantage_metrics_21,AGL_UI_adv,1,10018740.0,146.0,8,2,1,0
teamGvariableSlotTypeAdvantage_metrics_22,AGL_UI_adv,1,15655093.0,230.0,8,2,0,0
teamGvariableSlotTypeAdvantage_metrics_23,AGL_UI_adv,1,19070249.0,19838.0,6,2,0,0
teamGvariableSlotTypeAdvantage_metrics_24,AGL_UI_adv,1,17569964.0,56.0,7,2,0,0
teamGvariableSlotTypeAdvantage_metrics_25,AGL_UI_adv,1,13183903.0,46214.0,7,2,0,0
teamGvariableSlotTypeAdvantage_metrics_26,AGL_UI_adv,0,7317452.0,322.0,5,2,0,0
teamGvariableSlotTypeAdvantage_metrics_27,AGL_UI_adv,1,19032465.0,44323.0,6,2,0,0
teamGvariableSlotTypeAdvantage_metrics_28,AGL_UI_adv,1,10361466.0,164899.0,6,2,0,0
teamGvariableSlotTypeAdvantage_metrics_29,AGL_UI_adv,1,15962636.0,89.0,6,2,0,0
teamGvariableSlotTypeAdvantage_metrics_3,AGL_UI_adv,1,15743689.0,346.0,6,2,1,0
teamGvariableSlotTypeAdvantage_metrics_30,AGL_UI_adv,1,20412706.0,74.0,7,2,0,0
teamGvariableSlotTypeAdvantage_metrics_31,AGL_UI_adv,1,19412706.0,111.0,7,2,0,1
teamGvariableSlotTypeAdvantage_metrics_32,AGL_UI_adv,0,7312908.0,91103.0,5,2,0,0
teamGvariableSlotTypeAdvantage_metrics_33,AGL_UI_adv,1,19747703.0,208.0,6,2,0,0
teamGvariableSlotTypeAdvantage_metrics_34,AGL_UI_adv,1,21186677.0,17317.0,7,2,0,0
teamGvariableSlotTypeAdvantage_metrics_35,AGL_UI_adv,0,247282.0,0.0,5,2,0,0
teamGvariableSlotTypeAdvantage_metrics_36,AGL_UI_adv,0,3459093.0,0.0,5,2,0,0
teamGvariableSlotTypeAdvantage_metrics_37,AGL_UI_adv,1,9289006.0,16933.0,7,2,0,0
teamGvariableSlotTypeAdvantage_metrics_38,AGL_UI_adv,1,21304919.0,223.0,7,2,0,0
teamGvariableSlotTypeAdvantage_metrics_39,AGL_UI_adv,1,18818581.0,19560.0,7,2,1,0
teamGvariableSlotTypeAdvantage_metrics_4,AGL_UI_adv,1,11678018.0,98.0,7,2,0,0
teamGvariableSlotTypeAdvantage_metrics_40,AGL_UI_adv,1,13626511.0,151.0,8,2,1,0
teamGvariableSlotTypeAdvantage_metrics_41,AGL_UI_adv,1,16242764.0,0.0,8,2,0,0
teamGvariableSlotTypeAdvantage_metrics_42,AGL_UI_adv,1,10399946.0,47.0,8,2,1,0
teamGvariableSlotTypeAdvantage_metrics_43,AGL_UI_adv,1,16584209.0,65.0,6,2,0,0
teamGvariableSlotTypeAdvantage_metrics_44,AGL_UI_adv,1,19893061.0,262.0,7,2,1,0
teamGvariableSlotTypeAdvantage_metrics_45,AGL_UI_adv,1,16869318.0,277.0,7,2,0,0
teamGvariableSlotTypeAdvantage_metrics_46,AGL_UI_adv,1,17246558.0,139.0,8,2,0,0
teamGvariableSlotTypeAdvantage_metrics_47,AGL_UI_adv,1,15785551.0,184.0,9,2,1,0
teamGvariableSlotTypeAdvantage_metrics_48,AGL_UI_adv,1,20366961.0,38197.0,8,2,0,1
teamGvariableSlotTypeAdvantage_metrics_49,AGL_UI_adv,1,13844715.0,125.0,7,2,0,0
teamGvariableSlotTypeAdvantage_metrics_5,AGL_UI_adv,1,14390656.0,50148.0,7,2,0,0
teamGvariableSlotTypeAdvantage_metrics_50,AGL_UI_adv,0,14569013.0,170.0,7,2,1,0
teamGvariableSlotTypeAdvantage_metrics_51,AGL_UI_adv,0,14380498.0,126.0,5,2,0,0
teamGvariableSlotTypeAdvantage_metrics_52,AGL_UI_adv,1,24004509.0,219.0,7,2,0,0
teamGvariableSlotTypeAdvantage_metrics_53,AGL_UI_adv,1,20459076.0,95.0,5,2,0,0
teamGvariableSlotTypeAdvantage_metrics_54,AGL_UI_adv,1,17409981.0,18211.0,7,2,0,0
teamGvariableSlotTypeAdvantage_metrics_55,AGL_UI_adv,1,7346516.0,16191.0,9,2,1,0
teamGvariableSlotTypeAdvantage_metrics_56,AGL_UI_adv,1,19557671.0,367.0,7,2,0,0
teamGvariableSlotTypeAdvantage_metrics_57,AGL_UI_adv,1,13420814.0,127715.0,8,2,1,0
teamGvariableSlotTypeAdvantage_metrics_58,AGL_UI_adv,0,7899632.0,253.0,5,2,0,0
teamGvariableSlotTypeAdvantage_metrics_59,AGL_UI_adv,1,14653544.0,23514.0,8,2,1,0
teamGvariableSlotTypeAdvantage_metrics_6,AGL_UI_adv,1,15787573.0,116.0,8,2,1,0
teamGvariableSlotTypeAdvantage_metrics_60,AGL_UI_adv,0,7364605.0,23785.0,5,2,0,0
teamGvariableSlotTypeAdvantage_metrics_61,AGL_UI_adv,1,15805693.0,266.0,7,2,1,0
teamGvariableSlotTypeAdvantage_metrics_62,AGL_UI_adv,1,16880030.0,86380.0,6,2,0,0
teamGvariableSlotTypeAdvantage_metrics_63,AGL_UI_adv,1,10468830.0,87208.0,8,2,0,0
teamGvariableSlotTypeAdvantage_metrics_64,AGL_UI_adv,1,20579442.0,0.0,6,2,1,0
teamGvariableSlotTypeAdvantage_metrics_65,AGL_UI_adv,0,6028352.0,26.0,5,2,0,0
teamGvariableSlotTypeAdvantage_metrics_66,AGL_UI_adv,1,11729589.0,0.0,7,2,1,0
teamGvariableSlotTypeAdvantage_metrics_67,AGL_UI_adv,0,13063994.0,0.0,6,2,0,0
teamGvariableSlotTypeAdvantage_metrics_68,AGL_UI_adv,1,13774936.0,183.0,6,2,0,0
teamGvariableSlotTypeAdvantage_metrics_69,AGL_UI_adv,1,16678186.0,22022.0,7,2,1,0
teamGvariableSlotTypeAdvantage_metrics_7,AGL_UI_adv,0,12084183.0,23648.0,6,2,0,0
teamGvariableSlotTypeAdvantage_metrics_70,AGL_UI_adv,1,20126634.0,139.0,7,2,0,1
teamGvariableSlotTypeAdvantage_metrics_71,AGL_UI_adv,1,15581120.0,19743.0,7,2,0,0
teamGvariableSlotTypeAdvantage_metrics_72,AGL_UI_adv,1,11201712.0,51.0,9,2,1,0
teamGvariableSlotTypeAdvantage_metrics_73,AGL_UI_adv,1,13576818.0,183156.0,7,2,1,0
teamGvariableSlotTypeAdvantage_metrics_74,AGL_UI_adv,0,13835195.0,21247.0,6,2,0,0
teamGvariableSlotTypeAdvantage_metrics_75,AGL_UI_adv,0,10537924.0,208.0,7,2,0,0
teamGvariableSlotTypeAdvantage_metrics_76,AGL_UI_adv,1,12440692.0,174.0,7,2,0,0
teamGvariableSlotTypeAdvantage_metrics_77,AGL_UI_adv,1,10635038.0,0.0,9,2,1,0
teamGvariableSlotTypeAdvantage_metrics_78,AGL_UI_adv,1,15911604.0,133.0,6,2,0,0
teamGvariableSlotTypeAdvantage_metrics_79,AGL_UI_adv,1,13513389.0,72.0,7,2,1,0
teamGvariableSlotTypeAdvantage_metrics_8,AGL_UI_adv,1,16214830.0,102.0,7,2,1,0
teamGvariableSlotTypeAdvantage_metrics_80,AGL_UI_adv,1,18006648.0,55442.0,8,2,1,0
teamGvariableSlotTypeAdvantage_metrics_81,AGL_UI_adv,0,11735673.0,0.0,5,2,0,0
teamGvariableSlotTypeAdvantage_metrics_82,AGL_UI_adv,1,17525303.0,81.0,7,2,0,0
teamGvariableSlotTypeAdvantage_metrics_83,AGL_UI_adv,1,15885743.0,22222.0,7,2,0,0
teamGvariableSlotTypeAdvantage_metrics_84,AGL_UI_adv,1,11658594.0,23580.0,7,2,1,0
teamGvariableSlotTypeAdvantage_metrics_85,AGL_UI_adv,1,12613780.0,20302.0,9,2,0,1
teamGvariableSlotTypeAdvantage_metrics_86,AGL_UI_adv,0,8726812.0,0.0,6,2,0,0
teamGvariableSlotTypeAdvantage_metrics_87,AGL_UI_adv,1,19420764.0,56.0,6,2,0,0
teamGvariableSlotTypeAdvantage_metrics_88,AGL_UI_adv,1,14437014.0,0.0,8,2,0,0
teamGvariableSlotTypeAdvantage_metrics_89,AGL_UI_adv,0,5577251.0,84.0,6,2,0,0
teamGvariableSlotTypeAdvantage_metrics_9,AGL_UI_adv,1,15931845.0,21574.0,8,2,0,0
teamGvariableSlotTypeAdvantage_metrics_90,AGL_UI_adv,0,8887529.0,0.0,5,2,0,0
teamGvariableSlotTypeAdvantage_metrics_91,AGL_UI_adv,1,16096410.0,80.0,6,2,0,0
teamGvariableSlotTypeAdvantage_metrics_92,AGL_UI_adv,0,12361620.0,0.0,6,2,0,0
teamGvariableSlotTypeAdvantage_metrics_93,AGL_UI_adv,0,8714870.0,202.0,6,2,0,0
teamGvariableSlotTypeAdvantage_metrics_94,AGL_UI_adv,1,16342571.0,152.0,7,2,1,0
teamGvariableSlotTypeAdvantage_metrics_95,AGL_UI_adv,0,12551371.0,134.0,5,2,0,0
teamGvariableSlotTypeAdvantage_metrics_96,AGL_UI_adv,1,19956592.0,192421.0,7,2,1,0
teamGvariableSlotTypeAdvantage_metrics_97,AGL_UI_adv,1,15087284.0,104.0,6,2,1,0
teamGvariableSlotTypeAdvantage_metrics_98,AGL_UI_adv,0,11912575.0,155.0,5,2,0,0
teamGvariableSlotTypeAdvantage_metrics_99,AGL_UI_adv,1,16593760.0,22189.0,7,2,0,0
teamVvariableSlot_metrics,INT_Vegeta_no_adv,1,2250028.0,323419.0,10,2,0,1
teamVvariableSlot_metrics_10,INT_Vegeta_no_adv,0,5097540.0,742451.0,9,2,0,1
teamVvariableSlot_metrics_100,INT_Vegeta_no_adv,1,5948156.0,421279.0,10,2,1,1
teamVvariableSlot_metrics_11,INT_Vegeta_no_adv,0,3424585.0,324702.0,7,2,0,0
teamVvariableSlot_metrics_12,INT_Vegeta_no_adv,0,3990559.0,563.0,6,2,0,0
teamVvariableSlot_metrics_13,INT_Vegeta_no_adv,1,4501462.0,3767.0,10,2,0,1
teamVvariableSlot_metrics_14,INT_Vegeta_no_adv,0,3206987.0,119251.0,5,2,0,0
teamVvariableSlot_metrics_15,INT_Vegeta_no_adv,1,4430199.0,114438.0,8,2,1,0
teamVvariableSlot_metrics_16,INT_Vegeta_no_adv,1,7225438.0,1129.0,9,2,0,1
teamVvariableSlot_metrics_17,INT_Vegeta_no_adv,0,5274073.0,207455.0,8,2,1,0
teamVvariableSlot_metrics_18,INT_Vegeta_no_adv,1,5598973.0,340261.0,10,2,0,1
teamVvariableSlot_metrics_19,INT_Vegeta_no_adv,1,7025230.0,50440.0,10,2,1,1
teamVvariableSlot_metrics_2,INT_Vegeta_no_adv,1,4184447.0,61521.0,8,2,1,0
teamVvariableSlot_metrics_20,INT_Vegeta_no_adv,1,4874703.0,548.0,8,2,1,0
teamVvariableSlot_metrics_21,INT_Vegeta_no_adv,0,1524145.0,182.0,5,2,0,0
teamVvariableSlot_metrics_22,INT_Vegeta_no_adv,0,1762533.0,144473.0,6,2,0,0
teamVvariableSlot_metrics_23,INT_Vegeta_no_adv,1,9098279.0,326886.0,8,2,0,1
teamVvariableSlot_metrics_24,INT_Vegeta_no_adv,0,3960056.0,230499.0,6,2,0,0
teamVvariableSlot_metrics_25,INT_Vegeta_no_adv,1,7898945.0,143115.0,8,2,0,1
teamVvariableSlot_metrics_26,INT_Vegeta_no_adv,1,7881445.0,28883.0,8,2,1,0
teamVvariableSlot_metrics_27,INT_Vegeta_no_adv,1,7523147.0,30464.0,9,2,1,1
teamVvariableSlot_metrics_28,INT_Vegeta_no_adv,1,4372883.0,15156.0,8,2,1,0
teamVvariableSlot_metrics_29,INT_Vegeta_no_adv,0,6974522.0,321.0,9,2,1,0
teamVvariableSlot_metrics_3,INT_Vegeta_no_adv,0,1424654.0,65877.0,6,2,0,0
teamVvariableSlot_metrics_30,INT_Vegeta_no_adv,1,5332717.0,65256.0,7,2,0,0
teamVvariableSlot_metrics_31,INT_Vegeta_no_adv,0,3707403.0,62752.0,6,2,0,0
teamVvariableSlot_metrics_32,INT_Vegeta_no_adv,0,7184974.0,344423.0,8,2,0,1
teamVvariableSlot_metrics_33,INT_Vegeta_no_adv,0,5007216.0,407332.0,8,2,0,1
teamVvariableSlot_metrics_34,INT_Vegeta_no_adv,0,4733724.0,656.0,6,2,0,0
teamVvariableSlot_metrics_35,INT_Vegeta_no_adv,0,103903.0,0.0,5,2,0,0
teamVvariableSlot_metrics_36,INT_Vegeta_no_adv,1,3216543.0,369005.0,9,2,1,1
teamVvariableSlot_metrics_37,INT_Vegeta_no_adv,0,3007440.0,382263.0,8,2,1,0
teamVvariableSlot_metrics_38,INT_Vegeta_no_adv,1,4788655.0,190648.0,9,2,1,0
teamVvariableSlot_metrics_39,INT_Vegeta_no_adv,1,11052837.0,338411.0,10,2,1,1
teamVvariableSlot_metrics_4,INT_Vegeta_no_adv,1,6369435.0,331158.0,9,2,0,1
teamVvariableSlot_metrics_40,INT_Vegeta_no_adv,0,3352630.0,123.0,5,2,0,0
teamVvariableSlot_metrics_41,INT_Vegeta_no_adv,0,2728661.0,337037.0,6,2,0,0
teamVvariableSlot_metrics_42,INT_Vegeta_no_adv,1,4380511.0,89796.0,9,2,1,0
teamVvariableSlot_metrics_43,INT_Vegeta_no_adv,0,6978235.0,34210.0,6,2,0,0
teamVvariableSlot_metrics_44,INT_Vegeta_no_adv,1,4909800.0,51796.0,9,2,1,0
teamVvariableSlot_metrics_45,INT_Vegeta_no_adv,1,5998282.0,341190.0,10,2,0,1
teamVvariableSlot_metrics_46,INT_Vegeta_no_adv,1,8562240.0,36594.0,10,2,1,1
teamVvariableSlot_metrics_47,INT_Vegeta_no_adv,0,6631021.0,358309.0,6,2,0,0
teamVvariableSlot_metrics_48,INT_Vegeta_no_adv,0,12762695.0,700968.0,9,2,1,1
teamVvariableSlot_metrics_49,INT_Vegeta_no_adv,0,2334548.0,73166.0,6,2,1,0
teamVvariableSlot_metrics_5,INT_Vegeta_no_adv,0,4079196.0,52663.0,5,2,0,0
teamVvariableSlot_metrics_50,INT_Vegeta_no_adv,0,6445859.0,328.0,7,2,1,0
teamVvariableSlot_metrics_51,INT_Vegeta_no_adv,1,8230662.0,1689.0,8,2,1,0
teamVvariableSlot_metrics_52,INT_Vegeta_no_adv,1,6141688.0,381271.0,11,2,1,1
teamVvariableSlot_metrics_53,INT_Vegeta_no_adv,1,5832480.0,18016.0,7,2,0,1
teamVvariableSlot_metrics_54,INT_Vegeta_no_adv,0,5653849.0,451.0,6,2,0,0
teamVvariableSlot_metrics_55,INT_Vegeta_no_adv,0,1080159.0,53717.0,5,2,0,0
teamVvariableSlot_metrics_56,INT_Vegeta_no_adv,1,9340801.0,462005.0,9,2,1,1
teamVvariableSlot_metrics_57,INT_Vegeta_no_adv,1,7703034.0,524928.0,10,2,1,1
teamVvariableSlot_metrics_58,INT_Vegeta_no_adv,1,7632386.0,366468.0,9,2,0,1
teamVvariableSlot_metrics_59,INT_Vegeta_no_adv,0,3719690.0,349274.0,6,2,0,0
teamVvariableSlot_metrics_6,INT_Vegeta_no_adv,0,7455213.0,569968.0,9,2,1,1
teamVvariableSlot_metrics_60,INT_Vegeta_no_adv,1,4089627.0,31723.0,8,2,1,0
teamVvariableSlot_metrics_61,INT_Vegeta_no_adv,0,4615892.0,491056.0,8,2,0,1
teamVvariableSlot_metrics_62,INT_Vegeta_no_adv,1,5142735.0,294.0,9,2,1,0
teamVvariableSlot_metrics_63,INT_Vegeta_no_adv,1,4973119.0,522646.0,9,2,0,1
teamVvariableSlot_metrics_64,INT_Vegeta_no_adv,0,2594843.0,1811.0,6,2,0,0
teamVvariableSlot_metrics_65,INT_Vegeta_no_adv,0,1543344.0,304.0,5,2,0,0
teamVvariableSlot_metrics_66,INT_Vegeta_no_adv,1,6858199.0,26924.0,8,2,0,1
teamVvariableSlot_metrics_67,INT_Vegeta_no_adv,0,4242252.0,53561.0,6,2,0,0
teamVvariableSlot_metrics_68,INT_Vegeta_no_adv,0,5915682.0,369830.0,7,2,0,1
teamVvariableSlot_metrics_69,INT_Vegeta_no_adv,1,5298697.0,23764.0,10,2,0,1
teamVvariableSlot_metrics_7,INT_Vegeta_no_adv,0,4105346.0,325738.0,5,2,0,0
teamVvariableSlot_metrics_70,INT_Vegeta_no_adv,0,4692797.0,765658.0,9,2,1,1
teamVvariableSlot_metrics_71,INT_Vegeta_no_adv,1,5566565.0,57905.0,9,2,1,0
teamVvariableSlot_metrics_72,INT_Vegeta_no_adv,0,2523113.0,25722.0,5,2,0,0
teamVvariableSlot_metrics_73,INT_Vegeta_no_adv,0,3038949.0,757.0,6,2,0,0
teamVvariableSlot_metrics_74,INT_Vegeta_no_adv,1,10018886.0,790.0,8,2,1,0
teamVvariableSlot_metrics_75,INT_Vegeta_no_adv,0,1950713.0,43115.0,10,2,1,1
teamVvariableSlot_metrics_76,INT_Vegeta_no_adv,0,2616463.0,471407.0,5,2,0,0
teamVvariableSlot_metrics_77,INT_Vegeta_no_adv,0,4075452.0,461930.0,7,2,1,0
teamVvariableSlot_metrics_78,INT_Vegeta_no_adv,0,6035851.0,433263.0,8,2,1,0
teamVvariableSlot_metrics_79,INT_Vegeta_no_adv,1,4885453.0,59444.0,9,2,1,0
teamVvariableSlot_metrics_8,INT_Vegeta_no_adv,1,8277462.0,914.0,9,2,1,1
teamVvariableSlot_metrics_80,INT_Vegeta_no_adv,0,2344244.0,673143.0,9,2,1,1
teamVvariableSlot_metrics_81,INT_Vegeta_no_adv,1,4516405.0,7850.0,8,2,1,0
teamVvariableSlot_metrics_82,INT_Vegeta_no_adv,1,8385495.0,2168.0,9,2,1,0
teamVvariableSlot_metrics_83,INT_Vegeta_no_adv,1,4573878.0,4356.0,9,2,1,0
teamVvariableSlot_metrics_84,INT_Vegeta_no_adv,1,8240641.0,38842.0,9,2,1,0
teamVvariableSlot_metrics_85,INT_Vegeta_no_adv,1,8958437.0,66917.0,9,2,0,1
teamVvariableSlot_metrics_86,INT_Vegeta_no_adv,1,8595501.0,31950.0,9,2,1,0
teamVvariableSlot_metrics_87,INT_Vegeta_no_adv,1,3283674.0,52162.0,9,2,1,0
teamVvariableSlot_metrics_88,INT_Vegeta_no_adv,1,4643810.0,29405.0,9,2,0,0
teamVvariableSlot_metrics_89,INT_Vegeta_no_adv,0,4014220.0,102043.0,8,2,1,0
teamVvariableSlot_metrics_9,INT_Vegeta_no_adv,1,6955963.0,23476.0,9,2,1,0
teamVvariableSlot_metrics_90,INT_Vegeta_no_adv,0,2250084.0,32824.0,5,2,0,0
teamVvariableSlot_metrics_91,INT_Vegeta_no_adv,0,3001409.0,45399.0,6,2,0,0
teamVvariableSlot_metrics_92,INT_Vegeta_no_adv,1,6496863.0,100272.0,9,2,1,0
teamVvariableSlot_metrics_93,INT_Vegeta_no_adv,1,5180172.0,2129.0,10,2,1,0
teamVvariableSlot_metrics_94,INT_Vegeta_no_adv,1,5748130.0,4272.0,10,2,1,1
teamVvariableSlot_metrics_95,INT_Vegeta_no_adv,0,4641805.0,21967.0,7,2,0,0
teamVvariableSlot_metrics_96,INT_Vegeta_no_adv,0,4715118.0,385435.0,7,2,1,0
teamVvariableSlot_metrics_97,INT_Vegeta_no_adv,1,5607878.0,427854.0,10,2,1,1
teamVvariableSlot_metrics_98,INT_Vegeta_no_adv,1,3802406.0,97854.0,9,2,1,0
teamVvariableSlot_metrics_99,INT_Vegeta_no_adv,0,3968948.0,341148.0,5,2,0,0
teamVvariableSlotTypeAdvantage_metrics,INT_Vegeta_adv,1,4831446.0,93830.0,10,2,0,1
teamVvariableSlotTypeAdvantage_metrics_10,INT_Vegeta_adv,1,10355554.0,1132.0,8,2,0,0
teamVvariableSlotTypeAdvantage_metrics_100,INT_Vegeta_adv,1,11433387.0,101254.0,9,2,1,0
teamVvariableSlotTypeAdvantage_metrics_11,INT_Vegeta_adv,1,7756587.0,559.0,9,2,1,0
teamVvariableSlotTypeAdvantage_metrics_12,INT_Vegeta_adv,0,9001442.0,563.0,6,2,0,0
teamVvariableSlotTypeAdvantage_metrics_13,INT_Vegeta_adv,1,10162376.0,817.0,9,2,0,1
teamVvariableSlotTypeAdvantage_metrics_14,INT_Vegeta_adv,0,7219289.0,20065.0,5,2,0,0
teamVvariableSlotTypeAdvantage_metrics_15,INT_Vegeta_adv,1,10018193.0,869.0,8,2,1,0
teamVvariableSlotTypeAdvantage_metrics_16,INT_Vegeta_adv,1,16297416.0,270.0,7,2,0,0
teamVvariableSlotTypeAdvantage_metrics_17,INT_Vegeta_adv,1,11520134.0,53582.0,6,2,1,0
teamVvariableSlotTypeAdvantage_metrics_18,INT_Vegeta_adv,1,9350802.0,98269.0,9,2,0,1
teamVvariableSlotTypeAdvantage_metrics_19,INT_Vegeta_adv,1,8075355.0,444.0,11,2,1,1
teamVvariableSlotTypeAdvantage_metrics_2,INT_Vegeta_adv,1,7525362.0,407.0,7,2,1,0
teamVvariableSlotTypeAdvantage_metrics_20,INT_Vegeta_adv,1,10975085.0,548.0,7,2,0,0
teamVvariableSlotTypeAdvantage_metrics_21,INT_Vegeta_adv,0,3434729.0,182.0,5,2,0,0
teamVvariableSlotTypeAdvantage_metrics_22,INT_Vegeta_adv,1,13180779.0,103183.0,9,2,1,0
teamVvariableSlotTypeAdvantage_metrics_23,INT_Vegeta_adv,1,16343570.0,244.0,7,2,0,0
teamVvariableSlotTypeAdvantage_metrics_24,INT_Vegeta_adv,1,7288934.0,155367.0,8,2,1,0
teamVvariableSlotTypeAdvantage_metrics_25,INT_Vegeta_adv,0,11454366.0,364.0,7,2,0,0
teamVvariableSlotTypeAdvantage_metrics_26,INT_Vegeta_adv,0,13937312.0,773.0,7,2,0,0
teamVvariableSlotTypeAdvantage_metrics_27,INT_Vegeta_adv,1,13939869.0,348.0,8,2,0,1
teamVvariableSlotTypeAdvantage_metrics_28,INT_Vegeta_adv,1,7906830.0,173.0,6,2,0,0
teamVvariableSlotTypeAdvantage_metrics_29,INT_Vegeta_adv,1,15764497.0,321.0,8,2,1,0
teamVvariableSlotTypeAdvantage_metrics_3,INT_Vegeta_adv,1,7364151.0,1253.0,9,2,1,0
teamVvariableSlotTypeAdvantage_metrics_30,INT_Vegeta_adv,1,13580884.0,842.0,7,2,0,0
teamVvariableSlotTypeAdvantage_metrics_31,INT_Vegeta_adv,1,11362634.0,103106.0,8,2,1,0
teamVvariableSlotTypeAdvantage_metrics_32,INT_Vegeta_adv,1,16248004.0,103050.0,7,2,0,0
teamVvariableSlotTypeAdvantage_metrics_33,INT_Vegeta_adv,1,19077556.0,106480.0,8,2,0,1
teamVvariableSlotTypeAdvantage_metrics_34,INT_Vegeta_adv,0,10775085.0,350.0,6,2,0,0
teamVvariableSlotTypeAdvantage_metrics_35,INT_Vegeta_adv,0,237021.0,0.0,5,2,0,0
teamVvariableSlotTypeAdvantage_metrics_36,INT_Vegeta_adv,1,9094242.0,644.0,8,2,1,0
teamVvariableSlotTypeAdvantage_metrics_37,INT_Vegeta_adv,0,6783617.0,98870.0,8,2,1,0
teamVvariableSlotTypeAdvantage_metrics_38,INT_Vegeta_adv,0,7632527.0,24114.0,5,2,0,0
teamVvariableSlotTypeAdvantage_metrics_39,INT_Vegeta_adv,1,19080067.0,241.0,8,2,1,0
teamVvariableSlotTypeAdvantage_metrics_4,INT_Vegeta_adv,1,10338775.0,98154.0,8,2,0,1
teamVvariableSlotTypeAdvantage_metrics_40,INT_Vegeta_adv,0,7594719.0,123.0,5,2,0,0
teamVvariableSlotTypeAdvantage_metrics_41,INT_Vegeta_adv,1,9279223.0,100694.0,8,2,0,0
teamVvariableSlotTypeAdvantage_metrics_42,INT_Vegeta_adv,1,11007964.0,1003.0,8,2,1,0
teamVvariableSlotTypeAdvantage_metrics_43,INT_Vegeta_adv,1,18712066.0,430.0,7,2,1,0
teamVvariableSlotTypeAdvantage_metrics_44,INT_Vegeta_adv,1,8042734.0,912.0,8,2,1,0
teamVvariableSlotTypeAdvantage_metrics_45,INT_Vegeta_adv,1,13515343.0,101807.0,9,2,0,1
teamVvariableSlotTypeAdvantage_metrics_46,INT_Vegeta_adv,0,14251530.0,328.0,7,2,0,0
teamVvariableSlotTypeAdvantage_metrics_47,INT_Vegeta_adv,0,14936542.0,109836.0,7,2,0,0
teamVvariableSlotTypeAdvantage_metrics_48,INT_Vegeta_adv,1,22068691.0,795.0,7,2,1,0
teamVvariableSlotTypeAdvantage_metrics_49,INT_Vegeta_adv,1,8638865.0,106697.0,8,2,0,1
teamVvariableSlotTypeAdvantage_metrics_5,INT_Vegeta_adv,1,10920909.0,767.0,9,2,0,1
teamVvariableSlotTypeAdvantage_metrics_50,INT_Vegeta_adv,1,14531696.0,328.0,6,2,1,0
teamVvariableSlotTypeAdvantage_metrics_51,INT_Vegeta_adv,1,14021246.0,675.0,7,2,1,0
teamVvariableSlotTypeAdvantage_metrics_52,INT_Vegeta_adv,1,14120065.0,783.0,7,2,1,0
teamVvariableSlotTypeAdvantage_metrics_53,INT_Vegeta_adv,1,12887171.0,211.0,6,2,0,1
teamVvariableSlotTypeAdvantage_metrics_54,INT_Vegeta_adv,0,12805402.0,451.0,6,2,0,0
teamVvariableSlotTypeAdvantage_metrics_55,INT_Vegeta_adv,0,2440079.0,27.0,5,2,0,0
teamVvariableSlotTypeAdvantage_metrics_56,INT_Vegeta_adv,1,15030190.0,118687.0,7,2,0,0
teamVvariableSlotTypeAdvantage_metrics_57,INT_Vegeta_adv,1,13412679.0,46389.0,8,2,0,0
teamVvariableSlotTypeAdvantage_metrics_58,INT_Vegeta_adv,1,13872177.0,621.0,7,2,0,0
teamVvariableSlotTypeAdvantage_metrics_59,INT_Vegeta_adv,0,8387126.0,106469.0,6,2,0,0
teamVvariableSlotTypeAdvantage_metrics_6,INT_Vegeta_adv,1,16839034.0,157365.0,7,2,0,1
teamVvariableSlotTypeAdvantage_metrics_60,INT_Vegeta_adv,1,9207819.0,103.0,7,2,1,0
teamVvariableSlotTypeAdvantage_metrics_61,INT_Vegeta_adv,0,6108853.0,24812.0,6,2,0,0
teamVvariableSlotTypeAdvantage_metrics_62,INT_Vegeta_adv,1,11611659.0,294.0,8,2,1,0
teamVvariableSlotTypeAdvantage_metrics_63,INT_Vegeta_adv,1,9288121.0,47055.0,8,2,1,0
teamVvariableSlotTypeAdvantage_metrics_64,INT_Vegeta_adv,0,12674647.0,94673.0,10,2,0,1
teamVvariableSlotTypeAdvantage_metrics_65,INT_Vegeta_adv,0,3496827.0,304.0,5,2,0,0
teamVvariableSlotTypeAdvantage_metrics_66,INT_Vegeta_adv,1,13577952.0,230.0,7,2,0,1
teamVvariableSlotTypeAdvantage_metrics_67,INT_Vegeta_adv,1,14958702.0,119.0,7,2,0,0
teamVvariableSlotTypeAdvantage_metrics_68,INT_Vegeta_adv,1,13328112.0,97900.0,6,2,0,0
teamVvariableSlotTypeAdvantage_metrics_69,INT_Vegeta_adv,1,11981901.0,299.0,9,2,0,1
teamVvariableSlotTypeAdvantage_metrics_7,INT_Vegeta_adv,1,16528265.0,95369.0,7,2,1,0
teamVvariableSlotTypeAdvantage_metrics_70,INT_Vegeta_adv,1,10628998.0,214721.0,9,2,1,1
teamVvariableSlotTypeAdvantage_metrics_71,INT_Vegeta_adv,0,7555842.0,480.0,6,2,0,0
teamVvariableSlotTypeAdvantage_metrics_72,INT_Vegeta_adv,1,13552987.0,306.0,9,2,1,0
teamVvariableSlotTypeAdvantage_metrics_73,INT_Vegeta_adv,0,6918636.0,757.0,6,2,0,0
teamVvariableSlotTypeAdvantage_metrics_74,INT_Vegeta_adv,1,20105308.0,529.0,7,2,0,0
teamVvariableSlotTypeAdvantage_metrics_75,INT_Vegeta_adv,1,7481510.0,773.0,8,2,1,0
teamVvariableSlotTypeAdvantage_metrics_76,INT_Vegeta_adv,0,5920523.0,127225.0,7,2,0,0
teamVvariableSlotTypeAdvantage_metrics_77,INT_Vegeta_adv,1,12571741.0,97777.0,8,2,0,1
teamVvariableSlotTypeAdvantage_metrics_78,INT_Vegeta_adv,1,10463579.0,512.0,7,2,1,0
teamVvariableSlotTypeAdvantage_metrics_79,INT_Vegeta_adv,1,6018725.0,674.0,8,2,0,1
teamVvariableSlotTypeAdvantage_metrics_8,INT_Vegeta_adv,1,12752102.0,470.0,8,2,0,1
teamVvariableSlotTypeAdvantage_metrics_80,INT_Vegeta_adv,1,11008232.0,95904.0,8,2,1,0
teamVvariableSlotTypeAdvantage_metrics_81,INT_Vegeta_adv,1,7419474.0,394.0,8,2,1,0
teamVvariableSlotTypeAdvantage_metrics_82,INT_Vegeta_adv,1,15579859.0,358.0,8,2,1,0
teamVvariableSlotTypeAdvantage_metrics_83,INT_Vegeta_adv,1,10309459.0,541.0,9,2,1,0
teamVvariableSlotTypeAdvantage_metrics_84,INT_Vegeta_adv,1,15232785.0,673.0,7,2,0,0
teamVvariableSlotTypeAdvantage_metrics_85,INT_Vegeta_adv,1,11564687.0,125830.0,9,2,1,0
teamVvariableSlotTypeAdvantage_metrics_86,INT_Vegeta_adv,1,14094574.0,100861.0,8,2,0,1
teamVvariableSlotTypeAdvantage_metrics_87,INT_Vegeta_adv,1,7399116.0,574.0,9,2,1,0
teamVvariableSlotTypeAdvantage_metrics_88,INT_Vegeta_adv,1,10762989.0,666.0,9,2,0,0
teamVvariableSlotTypeAdvantage_metrics_89,INT_Vegeta_adv,0,6918647.0,11415.0,6,2,0,0
teamVvariableSlotTypeAdvantage_metrics_9,INT_Vegeta_adv,1,13296766.0,207.0,9,2,1,0
teamVvariableSlotTypeAdvantage_metrics_90,INT_Vegeta_adv,1,8038813.0,376.0,8,2,1,0
teamVvariableSlotTypeAdvantage_metrics_91,INT_Vegeta_adv,0,6757654.0,463.0,6,2,0,0
teamVvariableSlotTypeAdvantage_metrics_92,INT_Vegeta_adv,1,13225651.0,385.0,8,2,1,0
teamVvariableSlotTypeAdvantage_metrics_93,INT_Vegeta_adv,1,8122147.0,441.0,10,2,1,0
teamVvariableSlotTypeAdvantage_metrics_94,INT_Vegeta_adv,1,12981896.0,566.0,7,2,1,0
teamVvariableSlotTypeAdvantage_metrics_95,INT_Vegeta_adv,0,10481593.0,599.0,8,2,0,0
teamVvariableSlotTypeAdvantage_metrics_96,INT_Vegeta_adv,1,8913586.0,780.0,7,2,1,0
teamVvariableSlotTypeAdvantage_metrics_97,INT_Vegeta_adv,1,11121748.0,110001.0,8,2,1,0
teamVvariableSlotTypeAdvantage_metrics_98,INT_Vegeta_adv,0,7173258.0,697.0,6,2,0,0
teamVvariableSlotTypeAdvantage_metrics_99,INT_Vegeta_adv,1,16077044.0,101978.0,9,2,1,0
LLMTeamGvariableSlot_metrics,AGL_UI_no_adv_LLM,1,9338260.0,156436.0,8,2,0,1
LLMTeamGvariableSlot_metrics_10,AGL_UI_no_adv_LLM,0,2831001.0,258414.0,9,2,1,1
LLMTeamGvariableSlot_metrics_100,AGL_UI_no_adv_LLM,1,7017873.0,1440.0,9,2,1,0
LLMTeamGvariableSlot_metrics_11,AGL_UI_no_adv_LLM,1,9353371.0,206417.0,9,2,0,1
LLMTeamGvariableSlot_metrics_12,AGL_UI_no_adv_LLM,1,12718262.0,108951.0,9,2,0,1
LLMTeamGvariableSlot_metrics_13,AGL_UI_no_adv_LLM,1,12789850.0,324125.0,9,2,1,0
LLMTeamGvariableSlot_metrics_14,AGL_UI_no_adv_LLM,1,6567143.0,8004.0,8,2,1,0
LLMTeamGvariableSlot_metrics_15,AGL_UI_no_adv_LLM,0,10147278.0,516273.0,6,2,0,1
LLMTeamGvariableSlot_metrics_16,AGL_UI_no_adv_LLM,0,3314225.0,221854.0,5,2,0,0
LLMTeamGvariableSlot_metrics_17,AGL_UI_no_adv_LLM,0,2171592.0,311268.0,2,1,0,0
LLMTeamGvariableSlot_metrics_18,AGL_UI_no_adv_LLM,0,6213300.0,155766.0,9,2,1,0
LLMTeamGvariableSlot_metrics_19,AGL_UI_no_adv_LLM,0,1996472.0,328030.0,4,2,0,0
LLMTeamGvariableSlot_metrics_2,AGL_UI_no_adv_LLM,1,5810339.0,10.0,7,2,1,0
LLMTeamGvariableSlot_metrics_20,AGL_UI_no_adv_LLM,0,6276496.0,214542.0,8,2,0,1
LLMTeamGvariableSlot_metrics_21,AGL_UI_no_adv_LLM,1,6780477.0,662328.0,9,2,1,1
LLMTeamGvariableSlot_metrics_22,AGL_UI_no_adv_LLM,1,11474649.0,87867.0,9,2,0,0
LLMTeamGvariableSlot_metrics_23,AGL_UI_no_adv_LLM,1,9165884.0,402179.0,9,2,1,1
LLMTeamGvariableSlot_metrics_24,AGL_UI_no_adv_LLM,1,7161611.0,148107.0,9,2,1,0
LLMTeamGvariableSlot_metrics_25,AGL_UI_no_adv_LLM,1,8853582.0,159434.0,9,2,0,1
LLMTeamGvariableSlot_metrics_26,AGL_UI_no_adv_LLM,0,11003263.0,149022.0,8,2,0,1
LLMTeamGvariableSlot_metrics_27,AGL_UI_no_adv_LLM,1,10635064.0,267547.0,9,2,0,1
LLMTeamGvariableSlot_metrics_28,AGL_UI_no_adv_LLM,1,7067418.0,226559.0,7,2,1,0
LLMTeamGvariableSlot_metrics_29,AGL_UI_no_adv_LLM,1,8015308.0,107472.0,8,2,1,0
LLMTeamGvariableSlot_metrics_3,AGL_UI_no_adv_LLM,1,9408398.0,141071.0,7,2,1,0
LLMTeamGvariableSlot_metrics_30,AGL_UI_no_adv_LLM,1,8095865.0,394431.0,8,2,1,0
LLMTeamGvariableSlot_metrics_31,AGL_UI_no_adv_LLM,1,8564813.0,135971.0,8,2,0,1
LLMTeamGvariableSlot_metrics_32,AGL_UI_no_adv_LLM,1,9177982.0,134614.0,10,2,1,1
LLMTeamGvariableSlot_metrics_33,AGL_UI_no_adv_LLM,0,7630773.0,120387.0,8,2,0,1
LLMTeamGvariableSlot_metrics_34,AGL_UI_no_adv_LLM,1,9290057.0,334496.0,8,2,0,1
LLMTeamGvariableSlot_metrics_35,AGL_UI_no_adv_LLM,0,108463.0,0.0,5,2,0,0
LLMTeamGvariableSlot_metrics_36,AGL_UI_no_adv_LLM,1,5257475.0,830236.0,9,2,1,1
LLMTeamGvariableSlot_metrics_37,AGL_UI_no_adv_LLM,1,7152348.0,200718.0,9,2,0,0
LLMTeamGvariableSlot_metrics_38,AGL_UI_no_adv_LLM,1,9395667.0,28695.0,9,2,1,0
LLMTeamGvariableSlot_metrics_39,AGL_UI_no_adv_LLM,0,7219067.0,112198.0,7,2,0,1
LLMTeamGvariableSlot_metrics_4,AGL_UI_no_adv_LLM,1,6691033.0,96425.0,8,2,0,1
LLMTeamGvariableSlot_metrics_40,AGL_UI_no_adv_LLM,1,7964667.0,194290.0,10,2,1,1
LLMTeamGvariableSlot_metrics_41,AGL_UI_no_adv_LLM,0,4645496.0,112515.0,7,2,0,0
LLMTeamGvariableSlot_metrics_42,AGL_UI_no_adv_LLM,0,4509468.0,46216.0,8,2,0,1
LLMTeamGvariableSlot_metrics_43,AGL_UI_no_adv_LLM,0,6557415.0,126371.0,5,2,0,0
LLMTeamGvariableSlot_metrics_44,AGL_UI_no_adv_LLM,1,11760773.0,75057.0,8,2,1,1
LLMTeamGvariableSlot_metrics_45,AGL_UI_no_adv_LLM,1,11302747.0,65280.0,9,2,0,1
LLMTeamGvariableSlot_metrics_46,AGL_UI_no_adv_LLM,0,6318913.0,4179.0,5,2,0,0
LLMTeamGvariableSlot_metrics_47,AGL_UI_no_adv_LLM,0,8738823.0,27093.0,8,2,1,0
LLMTeamGvariableSlot_metrics_48,AGL_UI_no_adv_LLM,0,9325073.0,320996.0,5,2,0,1
LLMTeamGvariableSlot_metrics_49,AGL_UI_no_adv_LLM,0,9661649.0,249.0,6,2,0,0
LLMTeamGvariableSlot_metrics_5,AGL_UI_no_adv_LLM,1,8348796.0,230675.0,10,2,1,1
LLMTeamGvariableSlot_metrics_50,AGL_UI_no_adv_LLM,0,6463236.0,115858.0,7,2,1,0
LLMTeamGvariableSlot_metrics_51,AGL_UI_no_adv_LLM,0,6296690.0,7734.0,5,2,0,0
LLMTeamGvariableSlot_metrics_52,AGL_UI_no_adv_LLM,1,11131871.0,42079.0,8,2,0,0
LLMTeamGvariableSlot_metrics_53,AGL_UI_no_adv_LLM,1,9636022.0,12789.0,8,2,1,0
LLMTeamGvariableSlot_metrics_54,AGL_UI_no_adv_LLM,1,11944004.0,46469.0,9,2,1,0
LLMTeamGvariableSlot_metrics_55,AGL_UI_no_adv_LLM,0,1558924.0,101689.0,8,2,1,0
LLMTeamGvariableSlot_metrics_56,AGL_UI_no_adv_LLM,0,9106060.0,456359.0,8,2,1,1
LLMTeamGvariableSlot_metrics_57,AGL_UI_no_adv_LLM,0,3603702.0,290768.0,3,2,0,0
LLMTeamGvariableSlot_metrics_58,AGL_UI_no_adv_LLM,0,3509747.0,253.0,5,2,0,0
LLMTeamGvariableSlot_metrics_59,AGL_UI_no_adv_LLM,1,6024922.0,419334.0,9,2,1,1
LLMTeamGvariableSlot_metrics_6,AGL_UI_no_adv_LLM,0,4450658.0,440243.0,6,2,1,0
LLMTeamGvariableSlot_metrics_60,AGL_UI_no_adv_LLM,0,4824301.0,237680.0,5,2,0,0
LLMTeamGvariableSlot_metrics_61,AGL_UI_no_adv_LLM,0,4956246.0,347999.0,6,2,1,0
LLMTeamGvariableSlot_metrics_62,AGL_UI_no_adv_LLM,0,6121376.0,403665.0,7,2,1,0
LLMTeamGvariableSlot_metrics_63,AGL_UI_no_adv_LLM,1,6653095.0,403138.0,8,2,1,0
LLMTeamGvariableSlot_metrics_64,AGL_UI_no_adv_LLM,0,4512682.0,32187.0,6,2,0,0
LLMTeamGvariableSlot_metrics_65,AGL_UI_no_adv_LLM,0,2632949.0,22272.0,5,2,0,0
LLMTeamGvariableSlot_metrics_66,AGL_UI_no_adv_LLM,0,5206956.0,111019.0,6,2,0,0
LLMTeamGvariableSlot_metrics_67,AGL_UI_no_adv_LLM,0,5803818.0,113975.0,6,2,0,0
LLMTeamGvariableSlot_metrics_68,AGL_UI_no_adv_LLM,1,7404137.0,37196.0,8,2,1,0
LLMTeamGvariableSlot_metrics_69,AGL_UI_no_adv_LLM,0,7379182.0,123383.0,5,2,0,0
LLMTeamGvariableSlot_metrics_7,AGL_UI_no_adv_LLM,0,5346746.0,117856.0,6,2,0,0
LLMTeamGvariableSlot_metrics_70,AGL_UI_no_adv_LLM,0,11047300.0,131219.0,5,2,0,0
LLMTeamGvariableSlot_metrics_71,AGL_UI_no_adv_LLM,0,7289230.0,230193.0,8,2,0,1
LLMTeamGvariableSlot_metrics_72,AGL_UI_no_adv_LLM,1,4978259.0,103035.0,10,2,1,1
LLMTeamGvariableSlot_metrics_73,AGL_UI_no_adv_LLM,0,5210541.0,253168.0,8,2,1,0
LLMTeamGvariableSlot_metrics_74,AGL_UI_no_adv_LLM,0,7990696.0,112433.0,5,2,0,0
LLMTeamGvariableSlot_metrics_75,AGL_UI_no_adv_LLM,0,4161641.0,238062.0,8,2,0,1
LLMTeamGvariableSlot_metrics_76,AGL_UI_no_adv_LLM,0,6920384.0,534026.0,5,2,0,0
LLMTeamGvariableSlot_metrics_77,AGL_UI_no_adv_LLM,0,4726682.0,29673.0,8,2,1,0
LLMTeamGvariableSlot_metrics_78,AGL_UI_no_adv_LLM,1,9984153.0,133.0,8,2,1,0
LLMTeamGvariableSlot_metrics_79,AGL_UI_no_adv_LLM,0,4395957.0,345814.0,5,2,1,0
LLMTeamGvariableSlot_metrics_8,AGL_UI_no_adv_LLM,0,6522600.0,116330.0,7,2,0,1
LLMTeamGvariableSlot_metrics_80,AGL_UI_no_adv_LLM,0,6369188.0,820345.0,7,2,0,1
LLMTeamGvariableSlot_metrics_81,AGL_UI_no_adv_LLM,0,3666873.0,33.0,5,2,0,0
LLMTeamGvariableSlot_metrics_82,AGL_UI_no_adv_LLM,1,6462972.0,229889.0,8,2,0,1
LLMTeamGvariableSlot_metrics_83,AGL_UI_no_adv_LLM,0,7236025.0,339599.0,9,2,1,0
LLMTeamGvariableSlot_metrics_84,AGL_UI_no_adv_LLM,0,7305304.0,131375.0,7,2,0,1
LLMTeamGvariableSlot_metrics_85,AGL_UI_no_adv_LLM,1,6180413.0,225249.0,10,2,1,1
LLMTeamGvariableSlot_metrics_86,AGL_UI_no_adv_LLM,0,3877546.0,113011.0,6,2,0,0
LLMTeamGvariableSlot_metrics_87,AGL_UI_no_adv_LLM,0,2120450.0,28035.0,5,2,0,0
LLMTeamGvariableSlot_metrics_88,AGL_UI_no_adv_LLM,0,6148094.0,443256.0,6,2,1,0
LLMTeamGvariableSlot_metrics_89,AGL_UI_no_adv_LLM,0,2476357.0,84.0,6,2,0,0
LLMTeamGvariableSlot_metrics_9,AGL_UI_no_adv_LLM,1,6861101.0,151531.0,10,2,1,0
LLMTeamGvariableSlot_metrics_90,AGL_UI_no_adv_LLM,0,3948572.0,28580.0,5,2,0,0
LLMTeamGvariableSlot_metrics_91,AGL_UI_no_adv_LLM,1,6531569.0,82293.0,9,2,1,1
LLMTeamGvariableSlot_metrics_92,AGL_UI_no_adv_LLM,1,10540420.0,251605.0,9,2,1,1
LLMTeamGvariableSlot_metrics_93,AGL_UI_no_adv_LLM,0,6474978.0,648794.0,8,2,0,1
LLMTeamGvariableSlot_metrics_94,AGL_UI_no_adv_LLM,0,91085.0,319474.0,3,2,0,0
LLMTeamGvariableSlot_metrics_95,AGL_UI_no_adv_LLM,0,5478322.0,5663.0,5,2,0,0
LLMTeamGvariableSlot_metrics_96,AGL_UI_no_adv_LLM,0,6824031.0,578544.0,5,2,0,0
LLMTeamGvariableSlot_metrics_97,AGL_UI_no_adv_LLM,1,7992370.0,56570.0,6,2,0,0
LLMTeamGvariableSlot_metrics_98,AGL_UI_no_adv_LLM,0,7368395.0,799904.0,8,2,0,1
LLMTeamGvariableSlot_metrics_99,AGL_UI_no_adv_LLM,1,9413093.0,118448.0,10,2,0,1
LLMTeamGvariableSlotTypeAdvantage_metrics,AGL_UI_adv_LLM,1,13342386.0,37314.0,8,2,1,0
LLMTeamGvariableSlotTypeAdvantage_metrics_10,AGL_UI_adv_LLM,0,7782548.0,99923.0,6,2,0,0
LLMTeamGvariableSlotTypeAdvantage_metrics_100,AGL_UI_adv_LLM,1,12089882.0,21445.0,7,2,0,0
LLMTeamGvariableSlotTypeAdvantage_metrics_11,AGL_UI_adv_LLM,0,12233939.0,16166.0,8,2,0,1
LLMTeamGvariableSlotTypeAdvantage_metrics_12,AGL_UI_adv_LLM,1,17679514.0,17111.0,8,2,1,0
LLMTeamGvariableSlotTypeAdvantage_metrics_13,AGL_UI_adv_LLM,1,14872405.0,19817.0,7,2,0,0
LLMTeamGvariableSlotTypeAdvantage_metrics_14,AGL_UI_adv_LLM,1,12843838.0,5925.0,7,2,1,0
LLMTeamGvariableSlotTypeAdvantage_metrics_15,AGL_UI_adv_LLM,0,14818636.0,99860.0,5,2,0,0
LLMTeamGvariableSlotTypeAdvantage_metrics_16,AGL_UI_adv_LLM,0,11808805.0,131.0,6,2,0,0
LLMTeamGvariableSlotTypeAdvantage_metrics_17,AGL_UI_adv_LLM,1,20039554.0,104321.0,5,2,0,0
LLMTeamGvariableSlotTypeAdvantage_metrics_18,AGL_UI_adv_LLM,0,2094744.0,131.0,5,2,0,0
LLMTeamGvariableSlotTypeAdvantage_metrics_19,AGL_UI_adv_LLM,0,12896404.0,347.0,7,2,1,0
LLMTeamGvariableSlotTypeAdvantage_metrics_2,AGL_UI_adv_LLM,1,10209282.0,50.0,7,2,1,0
LLMTeamGvariableSlotTypeAdvantage_metrics_20,AGL_UI_adv_LLM,1,16569003.0,16482.0,7,2,0,0
LLMTeamGvariableSlotTypeAdvantage_metrics_21,AGL_UI_adv_LLM,1,8141480.0,52434.0,7,2,0,0
LLMTeamGvariableSlotTypeAdvantage_metrics_22,AGL_UI_adv_LLM,1,19285070.0,7134.0,9,2,1,0
LLMTeamGvariableSlotTypeAdvantage_metrics_23,AGL_UI_adv_LLM,1,13294054.0,5652.0,6,2,0,0
LLMTeamGvariableSlotTypeAdvantage_metrics_24,AGL_UI_adv_LLM,0,10781333.0,265.0,6,2,0,0
LLMTeamGvariableSlotTypeAdvantage_metrics_25,AGL_UI_adv_LLM,1,13879354.0,84887.0,7,2,1,0
LLMTeamGvariableSlotTypeAdvantage_metrics_26,AGL_UI_adv_LLM,1,13241795.0,23955.0,8,2,1,0
LLMTeamGvariableSlotTypeAdvantage_metrics_27,AGL_UI_adv_LLM,1,14828973.0,45072.0,8,2,0,1
LLMTeamGvariableSlotTypeAdvantage_metrics_28,AGL_UI_adv_LLM,1,10800412.0,21772.0,6,2,0,0
LLMTeamGvariableSlotTypeAdvantage_metrics_29,AGL_UI_adv_LLM,1,12431314.0,214.0,7,2,1,0
LLMTeamGvariableSlotTypeAdvantage_metrics_3,AGL_UI_adv_LLM,1,13165021.0,8233.0,6,2,1,0
LLMTeamGvariableSlotTypeAdvantage_metrics_30,AGL_UI_adv_LLM,1,18050285.0,79966.0,7,2,1,0
LLMTeamGvariableSlotTypeAdvantage_metrics_31,AGL_UI_adv_LLM,1,16067701.0,111.0,7,2,0,1
LLMTeamGvariableSlotTypeAdvantage_metrics_32,AGL_UI_adv_LLM,1,13498255.0,7747.0,9,2,1,0
LLMTeamGvariableSlotTypeAdvantage_metrics_33,AGL_UI_adv_LLM,0,6029683.0,191.0,7,2,0,0
LLMTeamGvariableSlotTypeAdvantage_metrics_34,AGL_UI_adv_LLM,1,17677870.0,61297.0,7,2,0,0
LLMTeamGvariableSlotTypeAdvantage_metrics_35,AGL_UI_adv_LLM,0,247282.0,0.0,5,2,0,0
LLMTeamGvariableSlotTypeAdvantage_metrics_36,AGL_UI_adv_LLM,0,5876701.0,186.0,5,2,0,0
LLMTeamGvariableSlotTypeAdvantage_metrics_37,AGL_UI_adv_LLM,0,6401239.0,107408.0,5,2,0,0
LLMTeamGvariableSlotTypeAdvantage_metrics_38,AGL_UI_adv_LLM,1,18106645.0,229.0,7,2,0,0
LLMTeamGvariableSlotTypeAdvantage_metrics_39,AGL_UI_adv_LLM,1,18284214.0,41410.0,8,2,1,0
LLMTeamGvariableSlotTypeAdvantage_metrics_4,AGL_UI_adv_LLM,1,11304552.0,27300.0,7,2,0,0
LLMTeamGvariableSlotTypeAdvantage_metrics_40,AGL_UI_adv_LLM,1,10877068.0,14446.0,8,2,1,0
LLMTeamGvariableSlotTypeAdvantage_metrics_41,AGL_UI_adv_LLM,1,8915346.0,3831.0,8,2,0,0
LLMTeamGvariableSlotTypeAdvantage_metrics_42,AGL_UI_adv_LLM,0,8722324.0,23106.0,6,2,0,0
LLMTeamGvariableSlotTypeAdvantage_metrics_43,AGL_UI_adv_LLM,1,18855710.0,205330.0,7,2,1,0
LLMTeamGvariableSlotTypeAdvantage_metrics_44,AGL_UI_adv_LLM,1,18903136.0,22312.0,7,2,1,0
LLMTeamGvariableSlotTypeAdvantage_metrics_45,AGL_UI_adv_LLM,1,16965914.0,277.0,7,2,0,0
LLMTeamGvariableSlotTypeAdvantage_metrics_46,AGL_UI_adv_LLM,1,16497999.0,89196.0,7,2,1,1
LLMTeamGvariableSlotTypeAdvantage_metrics_47,AGL_UI_adv_LLM,1,18878145.0,351.0,6,2,0,0
LLMTeamGvariableSlotTypeAdvantage_metrics_48,AGL_UI_adv_LLM,0,19386109.0,68073.0,6,2,0,0
LLMTeamGvariableSlotTypeAdvantage_metrics_49,AGL_UI_adv_LLM,1,12199720.0,21514.0,7,2,0,0
LLMTeamGvariableSlotTypeAdvantage_metrics_5,AGL_UI_adv_LLM,0,12626252.0,77010.0,6,2,0,0
LLMTeamGvariableSlotTypeAdvantage_metrics_50,AGL_UI_adv_LLM,0,8537463.0,129.0,5,2,0,0
LLMTeamGvariableSlotTypeAdvantage_metrics_51,AGL_UI_adv_LLM,1,14047499.0,182.0,8,2,0,0
LLMTeamGvariableSlotTypeAdvantage_metrics_52,AGL_UI_adv_LLM,1,18923127.0,204447.0,8,2,0,1
LLMTeamGvariableSlotTypeAdvantage_metrics_53,AGL_UI_adv_LLM,1,16356569.0,21011.0,6,2,0,1
LLMTeamGvariableSlotTypeAdvantage_metrics_54,AGL_UI_adv_LLM,1,12466215.0,56359.0,8,2,0,0
LLMTeamGvariableSlotTypeAdvantage_metrics_55,AGL_UI_adv_LLM,1,10967843.0,16191.0,9,2,1,0
LLMTeamGvariableSlotTypeAdvantage_metrics_56,AGL_UI_adv_LLM,1,10511760.0,21519.0,8,2,1,0
LLMTeamGvariableSlotTypeAdvantage_metrics_57,AGL_UI_adv_LLM,1,17738929.0,89687.0,7,2,0,1
LLMTeamGvariableSlotTypeAdvantage_metrics_58,AGL_UI_adv_LLM,0,9553745.0,253.0,5,2,0,0
LLMTeamGvariableSlotTypeAdvantage_metrics_59,AGL_UI_adv_LLM,0,13213781.0,427.0,6,2,0,0
LLMTeamGvariableSlotTypeAdvantage_metrics_6,AGL_UI_adv_LLM,1,10247967.0,40897.0,8,2,1,0
LLMTeamGvariableSlotTypeAdvantage_metrics_60,AGL_UI_adv_LLM,1,9899277.0,19571.0,7,2,1,0
LLMTeamGvariableSlotTypeAdvantage_metrics_61,AGL_UI_adv_LLM,0,8442592.0,106977.0,6,2,0,0
LLMTeamGvariableSlotTypeAdvantage_metrics_62,AGL_UI_adv_LLM,1,12681369.0,43292.0,8,2,1,0
LLMTeamGvariableSlotTypeAdvantage_metrics_63,AGL_UI_adv_LLM,1,11830516.0,105441.0,8,2,0,1
LLMTeamGvariableSlotTypeAdvantage_metrics_64,AGL_UI_adv_LLM,1,18437975.0,5210.0,7,2,1,0
LLMTeamGvariableSlotTypeAdvantage_metrics_65,AGL_UI_adv_LLM,0,7204043.0,140.0,5,2,0,0
LLMTeamGvariableSlotTypeAdvantage_metrics_66,AGL_UI_adv_LLM,0,12811771.0,4527.0,6,2,0,0
LLMTeamGvariableSlotTypeAdvantage_metrics_67,AGL_UI_adv_LLM,1,19016695.0,21687.0,7,2,0,0
LLMTeamGvariableSlotTypeAdvantage_metrics_68,AGL_UI_adv_LLM,1,11332457.0,0.0,6,2,0,0
LLMTeamGvariableSlotTypeAdvantage_metrics_69,AGL_UI_adv_LLM,1,17557542.0,22570.0,5,2,0,0
LLMTeamGvariableSlotTypeAdvantage_metrics_7,AGL_UI_adv_LLM,0,12127022.0,114.0,7,2,0,0
LLMTeamGvariableSlotTypeAdvantage_metrics_70,AGL_UI_adv_LLM,1,10294144.0,237.0,9,2,1,1
LLMTeamGvariableSlotTypeAdvantage_metrics_71,AGL_UI_adv_LLM,1,15628517.0,39074.0,6,2,0,0
LLMTeamGvariableSlotTypeAdvantage_metrics_72,AGL_UI_adv_LLM,1,9066060.0,35681.0,9,2,1,0
LLMTeamGvariableSlotTypeAdvantage_metrics_73,AGL_UI_adv_LLM,1,13313235.0,73927.0,9,2,1,0
LLMTeamGvariableSlotTypeAdvantage_metrics_74,AGL_UI_adv_LLM,0,12740684.0,220952.0,6,2,0,0
LLMTeamGvariableSlotTypeAdvantage_metrics_75,AGL_UI_adv_LLM,1,8876940.0,244751.0,9,2,1,1
LLMTeamGvariableSlotTypeAdvantage_metrics_76,AGL_UI_adv_LLM,1,16075502.0,83264.0,7,2,0,0
LLMTeamGvariableSlotTypeAdvantage_metrics_77,AGL_UI_adv_LLM,0,8496486.0,3814.0,8,2,1,0
LLMTeamGvariableSlotTypeAdvantage_metrics_78,AGL_UI_adv_LLM,1,12725006.0,133.0,7,2,0,0
LLMTeamGvariableSlotTypeAdvantage_metrics_79,AGL_UI_adv_LLM,1,7713828.0,78200.0,6,2,0,0
LLMTeamGvariableSlotTypeAdvantage_metrics_8,AGL_UI_adv_LLM,0,11923235.0,215.0,7,2,0,0
LLMTeamGvariableSlotTypeAdvantage_metrics_80,AGL_UI_adv_LLM,1,9791109.0,41013.0,8,2,1,0
LLMTeamGvariableSlotTypeAdvantage_metrics_81,AGL_UI_adv_LLM,0,7841515.0,33.0,5,2,0,0
LLMTeamGvariableSlotTypeAdvantage_metrics_82,AGL_UI_adv_LLM,1,14641915.0,182277.0,9,2,0,1
LLMTeamGvariableSlotTypeAdvantage_metrics_83,AGL_UI_adv_LLM,1,15433369.0,200150.0,8,2,0,1
LLMTeamGvariableSlotTypeAdvantage_metrics_84,AGL_UI_adv_LLM,0,9825082.0,23411.0,6,2,0,0
LLMTeamGvariableSlotTypeAdvantage_metrics_85,AGL_UI_adv_LLM,1,9474742.0,20302.0,8,2,0,1
LLMTeamGvariableSlotTypeAdvantage_metrics_86,AGL_UI_adv_LLM,1,12059245.0,62542.0,8,2,0,1
LLMTeamGvariableSlotTypeAdvantage_metrics_87,AGL_UI_adv_LLM,0,13106013.0,0.0,8,2,1,0
LLMTeamGvariableSlotTypeAdvantage_metrics_88,AGL_UI_adv_LLM,1,11594351.0,110161.0,8,2,1,1
LLMTeamGvariableSlotTypeAdvantage_metrics_89,AGL_UI_adv_LLM,0,9570085.0,110207.0,8,2,1,0
LLMTeamGvariableSlotTypeAdvantage_metrics_9,AGL_UI_adv_LLM,1,11634122.0,79.0,8,2,0,1
LLMTeamGvariableSlotTypeAdvantage_metrics_90,AGL_UI_adv_LLM,1,13840967.0,49202.0,7,2,1,0
LLMTeamGvariableSlotTypeAdvantage_metrics_91,AGL_UI_adv_LLM,1,9520380.0,7378.0,8,2,1,0
LLMTeamGvariableSlotTypeAdvantage_metrics_92,AGL_UI_adv_LLM,1,20518397.0,48.0,7,2,1,0
LLMTeamGvariableSlotTypeAdvantage_metrics_93,AGL_UI_adv_LLM,0,10118864.0,217643.0,7,2,0,1
LLMTeamGvariableSlotTypeAdvantage_metrics_94,AGL_UI_adv_LLM,1,14798576.0,37990.0,8,2,1,0
LLMTeamGvariableSlotTypeAdvantage_metrics_95,AGL_UI_adv_LLM,1,16325834.0,149.0,7,2,1,1
LLMTeamGvariableSlotTypeAdvantage_metrics_96,AGL_UI_adv_LLM,1,16994390.0,16004.0,7,2,0,0
LLMTeamGvariableSlotTypeAdvantage_metrics_97,AGL_UI_adv_LLM,1,9811974.0,550.0,5,2,0,0
LLMTeamGvariableSlotTypeAdvantage_metrics_98,AGL_UI_adv_LLM,1,10048021.0,18497.0,8,2,0,0
LLMTeamGvariableSlotTypeAdvantage_metrics_99,AGL_UI_adv_LLM,1,14718498.0,10329.0,9,2,1,0
LLMTeamVvariableSlot_metrics,INT_Vegeta_no_adv_LLM,0,361840.0,323110.0,6,2,0,0
LLMTeamVvariableSlot_metrics_10,INT_Vegeta_no_adv_LLM,0,3284014.0,391477.0,7,2,0,0
LLMTeamVvariableSlot_metrics_100,INT_Vegeta_no_adv_LLM,0,5071756.0,389180.0,8,2,1,0
LLMTeamVvariableSlot_metrics_11,INT_Vegeta_no_adv_LLM,0,3424585.0,324702.0,7,2,0,0
LLMTeamVvariableSlot_metrics_12,INT_Vegeta_no_adv_LLM,0,3990559.0,563.0,6,2,0,0
LLMTeamVvariableSlot_metrics_13,INT_Vegeta_no_adv_LLM,1,4970468.0,3780.0,10,2,0,1
LLMTeamVvariableSlot_metrics_14,INT_Vegeta_no_adv_LLM,0,3206987.0,119251.0,5,2,0,0
LLMTeamVvariableSlot_metrics_15,INT_Vegeta_no_adv_LLM,1,4430199.0,114438.0,8,2,1,0
LLMTeamVvariableSlot_metrics_16,INT_Vegeta_no_adv_LLM,0,7225438.0,1129.0,7,2,0,0
LLMTeamVvariableSlot_metrics_17,INT_Vegeta_no_adv_LLM,0,5274073.0,207455.0,8,2,1,0
LLMTeamVvariableSlot_metrics_18,INT_Vegeta_no_adv_LLM,0,2673851.0,334970.0,6,2,0,0
LLMTeamVvariableSlot_metrics_19,INT_Vegeta_no_adv_LLM,1,4128371.0,50440.0,10,2,1,1
LLMTeamVvariableSlot_metrics_2,INT_Vegeta_no_adv_LLM,1,4184447.0,61521.0,8,2,1,0
LLMTeamVvariableSlot_metrics_20,INT_Vegeta_no_adv_LLM,1,4874703.0,548.0,8,2,1,0
LLMTeamVvariableSlot_metrics_21,INT_Vegeta_no_adv_LLM,0,1524145.0,182.0,5,2,0,0
LLMTeamVvariableSlot_metrics_22,INT_Vegeta_no_adv_LLM,0,1762533.0,144473.0,6,2,0,0
LLMTeamVvariableSlot_metrics_23,INT_Vegeta_no_adv_LLM,1,9098279.0,326886.0,8,2,0,1
LLMTeamVvariableSlot_metrics_24,INT_Vegeta_no_adv_LLM,0,3960056.0,230499.0,6,2,0,0
LLMTeamVvariableSlot_metrics_25,INT_Vegeta_no_adv_LLM,0,6485476.0,134438.0,6,2,0,0
LLMTeamVvariableSlot_metrics_26,INT_Vegeta_no_adv_LLM,1,7881445.0,28883.0,8,2,1,0
LLMTeamVvariableSlot_metrics_27,INT_Vegeta_no_adv_LLM,0,5596768.0,196.0,5,2,0,0
LLMTeamVvariableSlot_metrics_28,INT_Vegeta_no_adv_LLM,1,4372883.0,15156.0,8,2,1,0
LLMTeamVvariableSlot_metrics_29,INT_Vegeta_no_adv_LLM,0,6974522.0,321.0,9,2,1,0
LLMTeamVvariableSlot_metrics_3,INT_Vegeta_no_adv_LLM,0,1424654.0,65877.0,6,2,0,0
LLMTeamVvariableSlot_metrics_30,INT_Vegeta_no_adv_LLM,1,5332717.0,65256.0,7,2,0,0
LLMTeamVvariableSlot_metrics_31,INT_Vegeta_no_adv_LLM,0,3707403.0,62752.0,6,2,0,0
LLMTeamVvariableSlot_metrics_32,INT_Vegeta_no_adv_LLM,0,7184974.0,344423.0,8,2,0,1
LLMTeamVvariableSlot_metrics_33,INT_Vegeta_no_adv_LLM,0,4439355.0,42474.0,6,2,0,0
LLMTeamVvariableSlot_metrics_34,INT_Vegeta_no_adv_LLM,0,4733724.0,656.0,6,2,0,0
LLMTeamVvariableSlot_metrics_35,INT_Vegeta_no_adv_LLM,0,103903.0,0.0,5,2,0,0
LLMTeamVvariableSlot_metrics_36,INT_Vegeta_no_adv_LLM,0,3216543.0,369005.0,8,2,1,0
LLMTeamVvariableSlot_metrics_37,INT_Vegeta_no_adv_LLM,0,3007440.0,382263.0,8,2,1,0
LLMTeamVvariableSlot_metrics_38,INT_Vegeta_no_adv_LLM,1,4788655.0,190648.0,9,2,1,0
LLMTeamVvariableSlot_metrics_39,INT_Vegeta_no_adv_LLM,0,9554324.0,338411.0,8,2,1,0
LLMTeamVvariableSlot_metrics_4,INT_Vegeta_no_adv_LLM,1,6369435.0,331158.0,9,2,0,1
LLMTeamVvariableSlot_metrics_40,INT_Vegeta_no_adv_LLM,0,3352630.0,123.0,5,2,0,0
LLMTeamVvariableSlot_metrics_41,INT_Vegeta_no_adv_LLM,0,2728661.0,337037.0,6,2,0,0
LLMTeamVvariableSlot_metrics_42,INT_Vegeta_no_adv_LLM,1,4380511.0,89796.0,9,2,1,0
LLMTeamVvariableSlot_metrics_43,INT_Vegeta_no_adv_LLM,0,6978235.0,34210.0,6,2,0,0
LLMTeamVvariableSlot_metrics_44,INT_Vegeta_no_adv_LLM,1,4909800.0,51796.0,9,2,1,0
LLMTeamVvariableSlot_metrics_45,INT_Vegeta_no_adv_LLM,1,5998282.0,341190.0,10,2,1,1
LLMTeamVvariableSlot_metrics_46,INT_Vegeta_no_adv_LLM,1,8562240.0,36594.0,10,2,1,1
LLMTeamVvariableSlot_metrics_47,INT_Vegeta_no_adv_LLM,0,6631021.0,358309.0,6,2,0,0
LLMTeamVvariableSlot_metrics_48,INT_Vegeta_no_adv_LLM,0,10757140.0,360277.0,7,2,1,0
LLMTeamVvariableSlot_metrics_49,INT_Vegeta_no_adv_LLM,0,2334548.0,73166.0,6,2,1,0
LLMTeamVvariableSlot_metrics_5,INT_Vegeta_no_adv_LLM,0,4079196.0,52663.0,5,2,0,0
LLMTeamVvariableSlot_metrics_50,INT_Vegeta_no_adv_LLM,0,6445859.0,328.0,7,2,1,0
LLMTeamVvariableSlot_metrics_51,INT_Vegeta_no_adv_LLM,1,8230662.0,1689.0,8,2,1,0
LLMTeamVvariableSlot_metrics_52,INT_Vegeta_no_adv_LLM,1,6141688.0,381271.0,11,2,1,1
LLMTeamVvariableSlot_metrics_53,INT_Vegeta_no_adv_LLM,0,5721871.0,12165.0,5,2,0,0
LLMTeamVvariableSlot_metrics_54,INT_Vegeta_no_adv_LLM,0,5653849.0,451.0,6,2,0,0
LLMTeamVvariableSlot_metrics_55,INT_Vegeta_no_adv_LLM,0,1080159.0,53717.0,5,2,0,0
LLMTeamVvariableSlot_metrics_56,INT_Vegeta_no_adv_LLM,0,7867698.0,462005.0,7,2,1,0
LLMTeamVvariableSlot_metrics_57,INT_Vegeta_no_adv_LLM,1,8548689.0,525009.0,9,2,1,1
LLMTeamVvariableSlot_metrics_58,INT_Vegeta_no_adv_LLM,1,7632386.0,366468.0,9,2,0,1
LLMTeamVvariableSlot_metrics_59,INT_Vegeta_no_adv_LLM,0,3719690.0,349274.0,6,2,0,0
LLMTeamVvariableSlot_metrics_6,INT_Vegeta_no_adv_LLM,0,7455213.0,569968.0,9,2,1,1
LLMTeamVvariableSlot_metrics_60,INT_Vegeta_no_adv_LLM,1,4089627.0,31723.0,8,2,1,0
LLMTeamVvariableSlot_metrics_61,INT_Vegeta_no_adv_LLM,0,2790590.0,482310.0,5,2,0,0
LLMTeamVvariableSlot_metrics_62,INT_Vegeta_no_adv_LLM,1,5142735.0,294.0,9,2,1,0
LLMTeamVvariableSlot_metrics_63,INT_Vegeta_no_adv_LLM,0,4846325.0,522506.0,6,2,0,0
LLMTeamVvariableSlot_metrics_64,INT_Vegeta_no_adv_LLM,0,2594843.0,1811.0,6,2,0,0
LLMTeamVvariableSlot_metrics_65,INT_Vegeta_no_adv_LLM,0,1543344.0,304.0,5,2,0,0
LLMTeamVvariableSlot_metrics_66,INT_Vegeta_no_adv_LLM,0,6022433.0,26924.0,6,2,0,0
LLMTeamVvariableSlot_metrics_67,INT_Vegeta_no_adv_LLM,0,4242252.0,53561.0,6,2,0,0
LLMTeamVvariableSlot_metrics_68,INT_Vegeta_no_adv_LLM,0,5915682.0,369830.0,6,2,0,0
LLMTeamVvariableSlot_metrics_69,INT_Vegeta_no_adv_LLM,0,4402447.0,10582.0,7,2,0,0
LLMTeamVvariableSlot_metrics_7,INT_Vegeta_no_adv_LLM,0,4105346.0,325738.0,5,2,0,0
LLMTeamVvariableSlot_metrics_70,INT_Vegeta_no_adv_LLM,0,3059866.0,348703.0,5,2,0,0
LLMTeamVvariableSlot_metrics_71,INT_Vegeta_no_adv_LLM,1,5566565.0,57905.0,9,2,1,0
LLMTeamVvariableSlot_metrics_72,INT_Vegeta_no_adv_LLM,0,2523113.0,25722.0,5,2,0,0
LLMTeamVvariableSlot_metrics_73,INT_Vegeta_no_adv_LLM,0,3038949.0,757.0,6,2,0,0
LLMTeamVvariableSlot_metrics_74,INT_Vegeta_no_adv_LLM,1,10018886.0,790.0,8,2,1,0
LLMTeamVvariableSlot_metrics_75,INT_Vegeta_no_adv_LLM,0,1950713.0,43115.0,8,2,1,0
LLMTeamVvariableSlot_metrics_76,INT_Vegeta_no_adv_LLM,0,2616463.0,471407.0,5,2,0,0
LLMTeamVvariableSlot_metrics_77,INT_Vegeta_no_adv_LLM,0,4075452.0,461930.0,7,2,1,0
LLMTeamVvariableSlot_metrics_78,INT_Vegeta_no_adv_LLM,0,6035851.0,433263.0,8,2,1,0
LLMTeamVvariableSlot_metrics_79,INT_Vegeta_no_adv_LLM,1,4885453.0,59444.0,9,2,1,0
LLMTeamVvariableSlot_metrics_8,INT_Vegeta_no_adv_LLM,1,9967037.0,4885.0,8,2,0,1
LLMTeamVvariableSlot_metrics_80,INT_Vegeta_no_adv_LLM,0,2094413.0,327571.0,5,2,0,0
LLMTeamVvariableSlot_metrics_81,INT_Vegeta_no_adv_LLM,1,4516405.0,7850.0,8,2,1,0
LLMTeamVvariableSlot_metrics_82,INT_Vegeta_no_adv_LLM,1,8385495.0,2168.0,9,2,1,0
LLMTeamVvariableSlot_metrics_83,INT_Vegeta_no_adv_LLM,1,4573878.0,4356.0,9,2,1,0
LLMTeamVvariableSlot_metrics_84,INT_Vegeta_no_adv_LLM,1,8240641.0,38842.0,9,2,1,0
LLMTeamVvariableSlot_metrics_85,INT_Vegeta_no_adv_LLM,0,4355035.0,66530.0,7,2,0,0
LLMTeamVvariableSlot_metrics_86,INT_Vegeta_no_adv_LLM,1,8595501.0,31950.0,9,2,1,0
LLMTeamVvariableSlot_metrics_87,INT_Vegeta_no_adv_LLM,1,3283674.0,52162.0,9,2,1,0
LLMTeamVvariableSlot_metrics_88,INT_Vegeta_no_adv_LLM,1,4643810.0,29405.0,9,2,0,0
LLMTeamVvariableSlot_metrics_89,INT_Vegeta_no_adv_LLM,0,4014220.0,102043.0,8,2,1,0
LLMTeamVvariableSlot_metrics_9,INT_Vegeta_no_adv_LLM,1,6955963.0,23476.0,9,2,1,0
LLMTeamVvariableSlot_metrics_90,INT_Vegeta_no_adv_LLM,0,2250084.0,32824.0,5,2,0,0
LLMTeamVvariableSlot_metrics_91,INT_Vegeta_no_adv_LLM,0,3001409.0,45399.0,6,2,0,0
LLMTeamVvariableSlot_metrics_92,INT_Vegeta_no_adv_LLM,1,6496863.0,100272.0,9,2,1,0
LLMTeamVvariableSlot_metrics_93,INT_Vegeta_no_adv_LLM,1,5180172.0,2129.0,10,2,1,0
LLMTeamVvariableSlot_metrics_94,INT_Vegeta_no_adv_LLM,1,5748130.0,4272.0,10,2,1,1
LLMTeamVvariableSlot_metrics_95,INT_Vegeta_no_adv_LLM,0,4641805.0,21967.0,7,2,0,0
LLMTeamVvariableSlot_metrics_96,INT_Vegeta_no_adv_LLM,0,4715118.0,385435.0,7,2,1,0
LLMTeamVvariableSlot_metrics_97,INT_Vegeta_no_adv_LLM,0,4736086.0,415218.0,6,2,0,0
LLMTeamVvariableSlot_metrics_98,INT_Vegeta_no_adv_LLM,1,3802406.0,97854.0,9,2,1,0
LLMTeamVvariableSlot_metrics_99,INT_Vegeta_no_adv_LLM,0,3968948.0,341148.0,5,2,0,0
LLMTeamVvariableSlotTypeAdvantage_metrics,INT_Vegeta_adv_LLM,1,7945757.0,196425.0,8,2,0,1
LLMTeamVvariableSlotTypeAdvantage_metrics_10,INT_Vegeta_adv_LLM,1,10355554.0,1132.0,8,2,0,0
LLMTeamVvariableSlotTypeAdvantage_metrics_100,INT_Vegeta_adv_LLM,1,11433387.0,101254.0,9,2,1,0
LLMTeamVvariableSlotTypeAdvantage_metrics_11,INT_Vegeta_adv_LLM,1,7756587.0,559.0,9,2,1,0
LLMTeamVvariableSlotTypeAdvantage_metrics_12,INT_Vegeta_adv_LLM,0,9001442.0,563.0,6,2,0,0
LLMTeamVvariableSlotTypeAdvantage_metrics_13,INT_Vegeta_adv_LLM,1,11217900.0,530.0,9,2,0,1
LLMTeamVvariableSlotTypeAdvantage_metrics_14,INT_Vegeta_adv_LLM,0,7219289.0,20065.0,5,2,0,0
LLMTeamVvariableSlotTypeAdvantage_metrics_15,INT_Vegeta_adv_LLM,1,10018193.0,869.0,8,2,1,0
LLMTeamVvariableSlotTypeAdvantage_metrics_16,INT_Vegeta_adv_LLM,1,16297416.0,270.0,7,2,0,0
LLMTeamVvariableSlotTypeAdvantage_metrics_17,INT_Vegeta_adv_LLM,1,11520134.0,53582.0,6,2,1,0
LLMTeamVvariableSlotTypeAdvantage_metrics_18,INT_Vegeta_adv_LLM,1,9350802.0,98269.0,9,2,0,1
LLMTeamVvariableSlotTypeAdvantage_metrics_19,INT_Vegeta_adv_LLM,1,8075355.0,444.0,11,2,1,1
LLMTeamVvariableSlotTypeAdvantage_metrics_2,INT_Vegeta_adv_LLM,1,7525362.0,407.0,7,2,1,0
LLMTeamVvariableSlotTypeAdvantage_metrics_20,INT_Vegeta_adv_LLM,1,10975085.0,548.0,7,2,0,0
LLMTeamVvariableSlotTypeAdvantage_metrics_21,INT_Vegeta_adv_LLM,0,3434729.0,182.0,5,2,0,0
LLMTeamVvariableSlotTypeAdvantage_metrics_22,INT_Vegeta_adv_LLM,1,13180779.0,103183.0,9,2,1,0
LLMTeamVvariableSlotTypeAdvantage_metrics_23,INT_Vegeta_adv_LLM,1,16343570.0,244.0,7,2,0,0
LLMTeamVvariableSlotTypeAdvantage_metrics_24,INT_Vegeta_adv_LLM,1,7288934.0,155367.0,8,2,1,0
LLMTeamVvariableSlotTypeAdvantage_metrics_25,INT_Vegeta_adv_LLM,0,11454366.0,364.0,7,2,0,0
LLMTeamVvariableSlotTypeAdvantage_metrics_26,INT_Vegeta_adv_LLM,0,13937312.0,773.0,7,2,0,0
LLMTeamVvariableSlotTypeAdvantage_metrics_27,INT_Vegeta_adv_LLM,1,13939869.0,348.0,8,2,0,1
LLMTeamVvariableSlotTypeAdvantage_metrics_28,INT_Vegeta_adv_LLM,1,7906830.0,173.0,6,2,0,0
LLMTeamVvariableSlotTypeAdvantage_metrics_29,INT_Vegeta_adv_LLM,1,15764497.0,321.0,8,2,1,0
LLMTeamVvariableSlotTypeAdvantage_metrics_3,INT_Vegeta_adv_LLM,1,7364151.0,1253.0,9,2,1,0
LLMTeamVvariableSlotTypeAdvantage_metrics_30,INT_Vegeta_adv_LLM,1,13580884.0,842.0,7,2,0,0
LLMTeamVvariableSlotTypeAdvantage_metrics_31,INT_Vegeta_adv_LLM,1,11362634.0,103106.0,8,2,1,0
LLMTeamVvariableSlotTypeAdvantage_metrics_32,INT_Vegeta_adv_LLM,1,16248004.0,103050.0,7,2,0,0
LLMTeamVvariableSlotTypeAdvantage_metrics_33,INT_Vegeta_adv_LLM,1,19077556.0,106480.0,8,2,0,1
LLMTeamVvariableSlotTypeAdvantage_metrics_34,INT_Vegeta_adv_LLM,0,10775085.0,350.0,6,2,0,0
LLMTeamVvariableSlotTypeAdvantage_metrics_35,INT_Vegeta_adv_LLM,0,237021.0,0.0,5,2,0,0
LLMTeamVvariableSlotTypeAdvantage_metrics_36,INT_Vegeta_adv_LLM,1,9094242.0,644.0,8,2,1,0
LLMTeamVvariableSlotTypeAdvantage_metrics_37,INT_Vegeta_adv_LLM,0,6783617.0,98870.0,8,2,1,0
LLMTeamVvariableSlotTypeAdvantage_metrics_38,INT_Vegeta_adv_LLM,0,7632527.0,24114.0,5,2,0,0
LLMTeamVvariableSlotTypeAdvantage_metrics_39,INT_Vegeta_adv_LLM,1,19080067.0,241.0,8,2,1,0
LLMTeamVvariableSlotTypeAdvantage_metrics_4,INT_Vegeta_adv_LLM,1,10338775.0,98154.0,8,2,0,1
LLMTeamVvariableSlotTypeAdvantage_metrics_40,INT_Vegeta_adv_LLM,0,7594719.0,123.0,5,2,0,0
LLMTeamVvariableSlotTypeAdvantage_metrics_41,INT_Vegeta_adv_LLM,1,9279223.0,100694.0,8,2,0,0
LLMTeamVvariableSlotTypeAdvantage_metrics_42,INT_Vegeta_adv_LLM,1,11007964.0,1003.0,8,2,1,0
LLMTeamVvariableSlotTypeAdvantage_metrics_43,INT_Vegeta_adv_LLM,1,18712066.0,430.0,7,2,1,0
LLMTeamVvariableSlotTypeAdvantage_metrics_44,INT_Vegeta_adv_LLM,1,8042734.0,912.0,8,2,1,0
LLMTeamVvariableSlotTypeAdvantage_metrics_45,INT_Vegeta_adv_LLM,1,13515343.0,101807.0,9,2,0,1
LLMTeamVvariableSlotTypeAdvantage_metrics_46,INT_Vegeta_adv_LLM,0,14251530.0,328.0,7,2,0,0
LLMTeamVvariableSlotTypeAdvantage_metrics_47,INT_Vegeta_adv_LLM,0,14936542.0,109836.0,7,2,0,0
LLMTeamVvariableSlotTypeAdvantage_metrics_48,INT_Vegeta_adv_LLM,1,22068691.0,795.0,7,2,1,0
LLMTeamVvariableSlotTypeAdvantage_metrics_49,INT_Vegeta_adv_LLM,1,11583463.0,106697.0,8,2,0,1
LLMTeamVvariableSlotTypeAdvantage_metrics_5,INT_Vegeta_adv_LLM,1,10920909.0,767.0,9,2,0,1
LLMTeamVvariableSlotTypeAdvantage_metrics_50,INT_Vegeta_adv_LLM,1,14531696.0,328.0,6,2,1,0
LLMTeamVvariableSlotTypeAdvantage_metrics_51,INT_Vegeta_adv_LLM,1,14021246.0,675.0,7,2,1,0
LLMTeamVvariableSlotTypeAdvantage_metrics_52,INT_Vegeta_adv_LLM,1,14120065.0,783.0,7,2,1,0
LLMTeamVvariableSlotTypeAdvantage_metrics_53,INT_Vegeta_adv_LLM,1,12887171.0,211.0,6,2,0,1
LLMTeamVvariableSlotTypeAdvantage_metrics_54,INT_Vegeta_adv_LLM,0,12805402.0,451.0,6,2,0,0
LLMTeamVvariableSlotTypeAdvantage_metrics_55,INT_Vegeta_adv_LLM,0,2440079.0,27.0,5,2,0,0
LLMTeamVvariableSlotTypeAdvantage_metrics_56,INT_Vegeta_adv_LLM,1,15030190.0,118687.0,7,2,0,0
LLMTeamVvariableSlotTypeAdvantage_metrics_57,INT_Vegeta_adv_LLM,1,13412679.0,46389.0,8,2,0,0
LLMTeamVvariableSlotTypeAdvantage_metrics_58,INT_Vegeta_adv_LLM,1,13872177.0,621.0,7,2,0,0
LLMTeamVvariableSlotTypeAdvantage_metrics_59,INT_Vegeta_adv_LLM,0,8387126.0,106469.0,6,2,0,0
LLMTeamVvariableSlotTypeAdvantage_metrics_6,INT_Vegeta_adv_LLM,1,16839034.0,157365.0,7,2,1,1
LLMTeamVvariableSlotTypeAdvantage_metrics_60,INT_Vegeta_adv_LLM,1,9207819.0,103.0,7,2,1,0
LLMTeamVvariableSlotTypeAdvantage_metrics_61,INT_Vegeta_adv_LLM,0,6108853.0,24812.0,6,2,0,0
LLMTeamVvariableSlotTypeAdvantage_metrics_62,INT_Vegeta_adv_LLM,1,11611659.0,294.0,8,2,1,0
LLMTeamVvariableSlotTypeAdvantage_metrics_63,INT_Vegeta_adv_LLM,1,9288121.0,47055.0,8,2,1,0
LLMTeamVvariableSlotTypeAdvantage_metrics_64,INT_Vegeta_adv_LLM,1,12977329.0,94673.0,9,2,0,1
LLMTeamVvariableSlotTypeAdvantage_metrics_65,INT_Vegeta_adv_LLM,0,3496827.0,304.0,5,2,0,0
LLMTeamVvariableSlotTypeAdvantage_metrics_66,INT_Vegeta_adv_LLM,1,13577952.0,230.0,7,2,0,1
LLMTeamVvariableSlotTypeAdvantage_metrics_67,INT_Vegeta_adv_LLM,1,14958702.0,119.0,7,2,0,0
LLMTeamVvariableSlotTypeAdvantage_metrics_68,INT_Vegeta_adv_LLM,1,13328112.0,97900.0,6,2,0,0
LLMTeamVvariableSlotTypeAdvantage_metrics_69,INT_Vegeta_adv_LLM,1,12006870.0,172.0,9,2,0,1
LLMTeamVvariableSlotTypeAdvantage_metrics_7,INT_Vegeta_adv_LLM,1,16528265.0,95369.0,7,2,1,0
LLMTeamVvariableSlotTypeAdvantage_metrics_70,INT_Vegeta_adv_LLM,1,10311555.0,214007.0,9,2,1,1
LLMTeamVvariableSlotTypeAdvantage_metrics_71,INT_Vegeta_adv_LLM,0,7555842.0,480.0,6,2,0,0
LLMTeamVvariableSlotTypeAdvantage_metrics_72,INT_Vegeta_adv_LLM,1,13552987.0,306.0,9,2,1,0
LLMTeamVvariableSlotTypeAdvantage_metrics_73,INT_Vegeta_adv_LLM,0,6918636.0,757.0,6,2,0,0
LLMTeamVvariableSlotTypeAdvantage_metrics_74,INT_Vegeta_adv_LLM,1,20105308.0,529.0,7,2,0,0
LLMTeamVvariableSlotTypeAdvantage_metrics_75,INT_Vegeta_adv_LLM,1,7481510.0,773.0,8,2,1,0
LLMTeamVvariableSlotTypeAdvantage_metrics_76,INT_Vegeta_adv_LLM,0,5920523.0,127225.0,7,2,0,0
LLMTeamVvariableSlotTypeAdvantage_metrics_77,INT_Vegeta_adv_LLM,1,12571741.0,97777.0,8,2,0,1
LLMTeamVvariableSlotTypeAdvantage_metrics_78,INT_Vegeta_adv_LLM,1,10463579.0,512.0,7,2,1,0
LLMTeamVvariableSlotTypeAdvantage_metrics_79,INT_Vegeta_adv_LLM,1,6018725.0,674.0,8,2,0,1
LLMTeamVvariableSlotTypeAdvantage_metrics_8,INT_Vegeta_adv_LLM,1,12752102.0,470.0,8,2,0,1
LLMTeamVvariableSlotTypeAdvantage_metrics_80,INT_Vegeta_adv_LLM,1,11008232.0,95904.0,8,2,1,0
LLMTeamVvariableSlotTypeAdvantage_metrics_81,INT_Vegeta_adv_LLM,1,7419474.0,394.0,8,2,1,0
LLMTeamVvariableSlotTypeAdvantage_metrics_82,INT_Vegeta_adv_LLM,1,15579859.0,358.0,8,2,1,0
LLMTeamVvariableSlotTypeAdvantage_metrics_83,INT_Vegeta_adv_LLM,1,10309459.0,541.0,9,2,1,0
LLMTeamVvariableSlotTypeAdvantage_metrics_84,INT_Vegeta_adv_LLM,1,15232785.0,673.0,7,2,0,0
LLMTeamVvariableSlotTypeAdvantage_metrics_85,INT_Vegeta_adv_LLM,1,11564687.0,125830.0,9,2,1,0
LLMTeamVvariableSlotTypeAdvantage_metrics_86,INT_Vegeta_adv_LLM,1,14094574.0,100861.0,8,2,0,1
LLMTeamVvariableSlotTypeAdvantage_metrics_87,INT_Vegeta_adv_LLM,1,7399116.0,574.0,9,2,1,0
LLMTeamVvariableSlotTypeAdvantage_metrics_88,INT_Vegeta_adv_LLM,1,10762989.0,666.0,9,2,0,0
LLMTeamVvariableSlotTypeAdvantage_metrics_89,INT_Vegeta_adv_LLM,0,6918647.0,11415.0,6,2,0,0
LLMTeamVvariableSlotTypeAdvantage_metrics_9,INT_Vegeta_adv_LLM,1,13296766.0,207.0,9,2,1,0
LLMTeamVvariableSlotTypeAdvantage_metrics_90,INT_Vegeta_adv_LLM,1,8038813.0,376.0,8,2,1,0
LLMTeamVvariableSlotTypeAdvantage_metrics_91,INT_Vegeta_adv_LLM,0,6757654.0,463.0,6,2,0,0
LLMTeamVvariableSlotTypeAdvantage_metrics_92,INT_Vegeta_adv_LLM,1,13225651.0,385.0,8,2,1,0
LLMTeamVvariableSlotTypeAdvantage_metrics_93,INT_Vegeta_adv_LLM,1,8122147.0,441.0,10,2,1,0
LLMTeamVvariableSlotTypeAdvantage_metrics_94,INT_Vegeta_adv_LLM,1,12981896.0,566.0,7,2,1,0
LLMTeamVvariableSlotTypeAdvantage_metrics_95,INT_Vegeta_adv_LLM,0,10481593.0,599.0,8,2,0,0
LLMTeamVvariableSlotTypeAdvantage_metrics_96,INT_Vegeta_adv_LLM,1,8913586.0,780.0,7,2,1,0
LLMTeamVvariableSlotTypeAdvantage_metrics_97,INT_Vegeta_adv_LLM,1,11121748.0,110001.0,8,2,1,0
LLMTeamVvariableSlotTypeAdvantage_metrics_98,INT_Vegeta_adv_LLM,0,7173258.0,697.0,6,2,0,0
LLMTeamVvariableSlotTypeAdvantage_metrics_99,INT_Vegeta_adv_LLM,1,16077044.0,101978.0,9,2,1,0
